customer_id,name,email,city,signup_date
1,Imran Akter,imran.akter1@example.com,Khulna,2023-06-16
2,Rafi Khan,rafi.khan2@example.com,Chittagong,2024-04-11
3,Karim Sarker,karim.sarker3@example.com,Chittagong,2023-06-26
4,Rima Hossain,rima.hossain4@example.com,Dhaka,2022-05-10
5,Lamia Ahmed,lamia.ahmed5@example.com,Barisal,2024-02-24
6,Rahim Sarker,rahim.sarker6@example.com,Dhaka,2024-10-01
7,Mim Hossain,mim.hossain7@example.com,Sylhet,2025-01-06
8,Nabila Ahmed,nabila.ahmed8@example.com,Khulna,2024-09-05
9,Nabila Rahman,nabila.rahman9@example.com,Sylhet,2024-04-13
10,Farhan Rahman,farhan.rahman10@example.com,Chittagong,2022-05-07
11,Ayan Chowdhury,ayan.chowdhury11@example.com,Barisal,2023-05-10
12,Mim Chowdhury,mim.chowdhury12@example.com,Sylhet,2024-08-06
13,Tania Sarker,tania.sarker13@example.com,Dhaka,2022-10-29
14,Tanvir Ahmed,tanvir.ahmed14@example.com,Chittagong,2025-03-12
15,Sakib Islam,sakib.islam15@example.com,Barisal,2024-08-25
16,Ayan Akter,ayan.akter16@example.com,Mymensingh,2023-12-30
17,Karim Talukder,karim.talukder17@example.com,Rangpur,2022-08-11
18,Nabila Akter,nabila.akter18@example.com,Rangpur,2023-08-20
19,Karim Miah,karim.miah19@example.com,Dhaka,2024-02-13
20,Farhan Hossain,farhan.hossain20@example.com,Rajshahi,2023-12-23
21,Ayan Talukder,ayan.talukder21@example.com,Barisal,2022-12-27
22,Rima Sarker,rima.sarker22@example.com,Dhaka,2022-02-10
23,Tania Islam,tania.islam23@example.com,Sylhet,2024-04-03
24,Lamia Islam,lamia.islam24@example.com,Khulna,2023-12-12
25,Shila Hossain,shila.hossain25@example.com,Khulna,2022-11-18
26,Lamia Khan,lamia.khan26@example.com,Rajshahi,2024-11-30
27,Ayan Hossain,ayan.hossain27@example.com,Sylhet,2024-05-31
28,Karim Rahman,karim.rahman28@example.com,Chittagong,2022-03-04
29,Jannat Akter,jannat.akter29@example.com,Khulna,2022-01-28
30,Tanvir Talukder,tanvir.talukder30@example.com,Sylhet,2023-05-06
31,Karim Chowdhury,karim.chowdhury31@example.com,Khulna,2022-11-01
32,Sadia Ahmed,sadia.ahmed32@example.com,Rajshahi,2022-08-08
33,Sadia Chowdhury,sadia.chowdhury33@example.com,Dhaka,2023-09-30
34,Rahim Miah,rahim.miah34@example.com,Chittagong,2022-05-16
35,Farhan Ahmed,farhan.ahmed35@example.com,Rangpur,2022-10-27
36,Tania Akter,tania.akter36@example.com,Khulna,2022-07-09
37,Imran Hossain,imran.hossain37@example.com,Rangpur,2022-06-24
38,Nayeem Akter,nayeem.akter38@example.com,Chittagong,2022-02-09
39,Jannat Miah,jannat.miah39@example.com,Sylhet,2022-10-26
40,Farhan Akter,farhan.akter40@example.com,Rangpur,2022-07-19
41,Imran Sarker,imran.sarker41@example.com,Dhaka,2022-09-15
42,Arif Rahman,arif.rahman42@example.com,Chittagong,2022-06-02
43,Rafi Khan,rafi.khan43@example.com,Rajshahi,2024-02-20
44,Sadia Sarker,sadia.sarker44@example.com,Sylhet,2022-01-02
45,Lamia Islam,lamia.islam45@example.com,Chittagong,2022-11-29
46,Tania Chowdhury,tania.chowdhury46@example.com,Barisal,2023-02-23
47,Hasan Akter,hasan.akter47@example.com,Sylhet,2023-07-27
48,Rahim Sarker,rahim.sarker48@example.com,Chittagong,2022-03-24
49,Sakib Hossain,sakib.hossain49@example.com,Dhaka,2023-05-08
50,Lamia Rahman,lamia.rahman50@example.com,Barisal,2023-11-09
51,Farhan Talukder,farhan.talukder51@example.com,Rangpur,2023-07-30
52,Nabila Hossain,nabila.hossain52@example.com,Chittagong,2025-01-05
53,Arif Miah,arif.miah53@example.com,Chittagong,2022-01-31
54,Rahim Miah,rahim.miah54@example.com,Chittagong,2024-12-07
55,Arif Talukder,arif.talukder55@example.com,Dhaka,2023-04-08
56,Lamia Talukder,lamia.talukder56@example.com,Chittagong,2023-11-21
57,Karim Islam,karim.islam57@example.com,Barisal,2023-03-30
58,Lamia Chowdhury,lamia.chowdhury58@example.com,Chittagong,2022-04-14
59,Shila Sarker,shila.sarker59@example.com,Chittagong,2024-07-30
60,Sadia Chowdhury,sadia.chowdhury60@example.com,Rangpur,2023-08-23
61,Tanvir Chowdhury,tanvir.chowdhury61@example.com,Dhaka,2022-03-31
62,Tanvir Sarker,tanvir.sarker62@example.com,Barisal,2025-04-13
63,Rahim Rahman,rahim.rahman63@example.com,Barisal,2023-07-08
64,Nabila Miah,nabila.miah64@example.com,Rangpur,2022-10-09
65,Rafi Chowdhury,rafi.chowdhury65@example.com,Chittagong,2022-11-23
66,Nusrat Miah,nusrat.miah66@example.com,Rangpur,2025-01-05
67,Karim Rahman,karim.rahman67@example.com,Rangpur,2022-12-01
68,Lamia Khan,lamia.khan68@example.com,Dhaka,2024-01-30
69,Shila Rahman,shila.rahman69@example.com,Barisal,2025-03-26
70,Imran Talukder,imran.talukder70@example.com,Rangpur,2022-07-26
71,Lamia Khan,lamia.khan71@example.com,Sylhet,2024-11-06
72,Nusrat Sarker,nusrat.sarker72@example.com,Rajshahi,2022-02-19
73,Rima Talukder,rima.talukder73@example.com,Mymensingh,2023-04-13
74,Tania Islam,tania.islam74@example.com,Barisal,2023-02-25
75,Rima Sarker,rima.sarker75@example.com,Barisal,2022-05-09
76,Sadia Miah,sadia.miah76@example.com,Dhaka,2024-04-13
77,Nayeem Sarker,nayeem.sarker77@example.com,Dhaka,2022-11-11
78,Tanvir Akter,tanvir.akter78@example.com,Barisal,2023-10-15
79,Karim Miah,karim.miah79@example.com,Rajshahi,2022-11-24
80,Mim Talukder,mim.talukder80@example.com,Rajshahi,2022-10-01
81,Rafi Miah,rafi.miah81@example.com,Mymensingh,2023-03-10
82,Farhan Rahman,farhan.rahman82@example.com,Rangpur,2024-07-16
83,Hasan Rahman,hasan.rahman83@example.com,Barisal,2024-08-14
84,Hasan Hossain,hasan.hossain84@example.com,Sylhet,2025-03-10
85,Lamia Khan,lamia.khan85@example.com,Rangpur,2022-06-11
86,Sadia Ahmed,sadia.ahmed86@example.com,Chittagong,2022-01-20
87,Nusrat Sarker,nusrat.sarker87@example.com,Chittagong,2022-01-21
88,Hasan Hossain,hasan.hossain88@example.com,Dhaka,2023-02-04
89,Hasan Khan,hasan.khan89@example.com,Sylhet,2022-09-19
90,Ayan Miah,ayan.miah90@example.com,Sylhet,2023-07-20
91,Ayan Rahman,ayan.rahman91@example.com,Chittagong,2024-07-08
92,Tania Rahman,tania.rahman92@example.com,Khulna,2025-02-06
93,Nayeem Khan,nayeem.khan93@example.com,Rajshahi,2023-12-09
94,Rafi Rahman,rafi.rahman94@example.com,Rangpur,2023-03-13
95,Tanvir Talukder,tanvir.talukder95@example.com,Barisal,2023-03-18
96,Ayan Akter,ayan.akter96@example.com,Dhaka,2023-06-28
97,Farhan Islam,farhan.islam97@example.com,Rangpur,2022-04-09
98,Rafi Miah,rafi.miah98@example.com,Sylhet,2022-02-05
99,Arif Akter,arif.akter99@example.com,Barisal,2023-12-16
100,Nusrat Khan,nusrat.khan100@example.com,Barisal,2022-07-24
101,Farhan Ahmed,farhan.ahmed101@example.com,Dhaka,2024-02-15
102,Jannat Islam,jannat.islam102@example.com,Rangpur,2024-06-11
103,Rafi Rahman,rafi.rahman103@example.com,Mymensingh,2022-06-20
104,Rahim Miah,rahim.miah104@example.com,Khulna,2024-05-16
105,Nabila Rahman,nabila.rahman105@example.com,Rangpur,2022-10-11
106,Nayeem Rahman,nayeem.rahman106@example.com,Rajshahi,2023-10-02
107,Rima Akter,rima.akter107@example.com,Sylhet,2024-12-07
108,Sadia Ahmed,sadia.ahmed108@example.com,Barisal,2022-03-25
109,Sakib Hossain,sakib.hossain109@example.com,Sylhet,2022-12-02
110,Nusrat Sarker,nusrat.sarker110@example.com,Rangpur,2022-06-16
111,Rima Sarker,rima.sarker111@example.com,Khulna,2023-02-08
112,Rahim Islam,rahim.islam112@example.com,Rangpur,2022-06-01
113,Rima Khan,rima.khan113@example.com,Mymensingh,2024-02-16
114,Jannat Ahmed,jannat.ahmed114@example.com,Khulna,2022-09-09
115,Jannat Khan,jannat.khan115@example.com,Chittagong,2023-04-10
116,Nabila Khan,nabila.khan116@example.com,Barisal,2022-09-08
117,Arif Talukder,arif.talukder117@example.com,Mymensingh,2023-07-17
118,Nusrat Miah,nusrat.miah118@example.com,Mymensingh,2025-02-07
119,Jannat Chowdhury,jannat.chowdhury119@example.com,Chittagong,2023-05-29
120,Karim Talukder,karim.talukder120@example.com,Barisal,2024-07-06
121,Mim Khan,mim.khan121@example.com,Dhaka,2024-11-06
122,Nabila Chowdhury,nabila.chowdhury122@example.com,Chittagong,2024-02-15
123,Mim Khan,mim.khan123@example.com,Chittagong,2022-02-28
124,Sakib Chowdhury,sakib.chowdhury124@example.com,Rangpur,2022-10-08
125,Karim Islam,karim.islam125@example.com,Chittagong,2024-09-09
126,Lamia Khan,lamia.khan126@example.com,Sylhet,2022-03-31
127,Arif Akter,arif.akter127@example.com,Dhaka,2025-02-12
128,Imran Talukder,imran.talukder128@example.com,Sylhet,2022-04-21
129,Ayan Hossain,ayan.hossain129@example.com,Rajshahi,2023-10-03
130,Hasan Islam,hasan.islam130@example.com,Sylhet,2022-07-16
131,Ayan Khan,ayan.khan131@example.com,Khulna,2023-10-07
132,Karim Talukder,karim.talukder132@example.com,Dhaka,2023-12-11
133,Jannat Rahman,jannat.rahman133@example.com,Rangpur,2022-04-07
134,Jannat Hossain,jannat.hossain134@example.com,Rangpur,2024-09-08
135,Shila Ahmed,shila.ahmed135@example.com,Khulna,2024-02-01
136,Shila Islam,shila.islam136@example.com,Chittagong,2023-07-22
137,Mim Talukder,mim.talukder137@example.com,Khulna,2024-05-22
138,Farhan Sarker,farhan.sarker138@example.com,Sylhet,2023-06-03
139,Farhan Hossain,farhan.hossain139@example.com,Barisal,2024-06-26
140,Lamia Hossain,lamia.hossain140@example.com,Mymensingh,2024-08-04
141,Ayan Chowdhury,ayan.chowdhury141@example.com,Rangpur,2023-04-02
142,Lamia Miah,lamia.miah142@example.com,Rangpur,2023-01-08
143,Shila Rahman,shila.rahman143@example.com,Rajshahi,2024-04-08
144,Lamia Hossain,lamia.hossain144@example.com,Mymensingh,2022-05-06
145,Nusrat Khan,nusrat.khan145@example.com,Rajshahi,2023-05-10
146,Ayan Hossain,ayan.hossain146@example.com,Rajshahi,2025-03-18
147,Rafi Khan,rafi.khan147@example.com,Khulna,2022-08-01
148,Arif Islam,arif.islam148@example.com,Sylhet,2022-01-20
149,Mim Ahmed,mim.ahmed149@example.com,Mymensingh,2025-02-06
150,Imran Rahman,imran.rahman150@example.com,Khulna,2022-09-21
