order_item_id,order_id,product_id,quantity,price
1,1195,2,3,188.76
2,1479,15,1,304.45
3,1479,9,5,298.4
4,1734,38,4,1473.28
5,1979,2,1,62.92
6,1279,15,5,1522.25
7,1279,33,1,178.05
8,1077,46,5,2451.8
9,1077,42,4,23.32
10,1101,29,3,1291.2
11,1101,38,1,368.32
12,2052,45,3,395.94
13,2052,28,3,683.88
14,1633,14,3,127.86
15,1633,49,1,397.12
16,1760,25,1,462.05
17,1774,55,3,194.76
18,1774,23,1,91.55
19,1774,39,4,344.52
20,1071,60,4,1936.2
21,1160,36,3,404.61
22,1425,37,1,183.35
23,1425,13,1,158.32
24,1425,46,2,980.72
25,2077,6,1,207.63
26,2077,55,4,259.68
27,2077,15,3,913.35
28,1482,41,3,1052.4
29,1482,54,3,414.57
30,1482,24,2,600.12
31,1482,11,3,892.98
32,1251,39,2,172.26
33,1717,11,4,1190.64
34,1717,30,3,1255.2
35,1838,44,1,476.86
36,1838,21,2,397.64
37,1271,52,3,1215.03
38,1005,18,5,634.15
39,1005,5,3,1217.22
40,1005,14,2,85.24
41,1005,59,4,605.92
42,1613,57,2,742.64
43,1613,59,3,454.44
44,1613,42,2,11.66
45,1613,30,2,836.8
46,1778,48,5,1415.5
47,1778,38,4,1473.28
48,1778,28,3,683.88
49,2020,9,4,238.72
50,2020,33,1,178.05
51,2064,56,1,228.16
52,1644,41,4,1403.2
53,1644,11,5,1488.3
54,1893,25,4,1848.2
55,2076,34,1,389.04
56,2076,17,1,6.1
57,2076,36,5,674.35
58,2076,56,3,684.48
59,1073,8,2,354.36
60,1073,19,4,454.72
61,1073,28,1,227.96
62,1805,33,5,890.25
63,1805,49,1,397.12
64,1805,12,3,637.05
65,1953,10,2,437.02
66,1953,24,5,1500.3
67,1721,39,3,258.39
68,2005,2,3,188.76
69,2005,8,2,354.36
70,2005,60,1,484.05
71,2005,24,2,600.12
72,2034,6,4,830.52
73,2045,49,5,1985.6
74,1409,9,4,238.72
75,1409,43,5,892.0
76,1623,17,5,30.5
77,1623,34,4,1556.16
78,1393,60,2,968.1
79,1393,35,3,51.57
80,1944,43,5,892.0
81,1944,42,4,23.32
82,1944,24,1,300.06
83,1944,29,2,860.8
84,1300,5,1,405.74
85,1300,22,5,1174.0
86,1381,38,1,368.32
87,1381,15,1,304.45
88,1996,15,1,304.45
89,1934,56,3,684.48
90,2091,33,2,356.1
91,1975,43,5,892.0
92,1975,32,2,41.12
93,1975,14,5,213.1
94,1273,16,4,1618.16
95,1273,51,2,686.06
96,1273,31,1,62.42
97,1273,52,1,405.01
98,1755,23,1,91.55
99,1755,28,1,227.96
100,1755,27,1,427.6
101,1755,30,4,1673.6
102,2021,52,2,810.02
103,2021,56,2,456.32
104,2021,7,2,984.08
105,1941,9,4,238.72
106,1941,28,2,455.92
107,1941,12,1,212.35
108,1941,18,4,507.32
109,1652,4,5,1918.35
110,1596,6,2,415.26
111,1818,27,4,1710.4
112,1818,32,2,41.12
113,2100,58,1,437.65
114,2100,4,4,1534.68
115,2100,11,3,892.98
116,2100,25,4,1848.2
117,1346,28,5,1139.8
118,1346,45,4,527.92
119,1346,47,2,312.52
120,2003,19,1,113.68
121,2003,14,5,213.1
122,1016,48,3,849.3
123,1378,4,5,1918.35
124,1629,33,2,356.1
125,1629,59,1,151.48
126,1629,55,5,324.6
127,1629,34,1,389.04
128,1743,5,1,405.74
129,1743,39,2,172.26
130,1045,8,5,885.9
131,1045,57,5,1856.6
132,1045,37,1,183.35
133,1045,16,5,2022.7
134,1305,27,5,2138.0
135,1464,60,3,1452.15
136,1464,17,2,12.2
137,1464,14,3,127.86
138,1842,9,4,238.72
139,1842,43,3,535.2
140,1842,42,1,5.83
141,1842,20,1,196.56
142,1260,40,5,432.2
143,1260,37,2,366.7
144,1260,7,5,2460.2
145,1260,5,3,1217.22
146,1240,60,1,484.05
147,1240,23,2,183.1
148,1456,19,5,568.4
149,1456,11,3,892.98
150,1456,29,5,2152.0
151,1954,43,5,892.0
152,1133,60,2,968.1
153,1133,43,3,535.2
154,1133,7,1,492.04
155,1552,48,5,1415.5
156,2094,18,5,634.15
157,2094,19,2,227.36
158,1117,14,3,127.86
159,1117,44,5,2384.3
160,1117,41,4,1403.2
161,1303,58,1,437.65
162,1303,59,1,151.48
163,1303,55,4,259.68
164,1864,3,2,14.92
165,1864,1,3,437.25
166,1864,22,2,469.6
167,2010,36,1,134.87
168,2010,46,1,490.36
169,2010,28,2,455.92
170,2010,1,5,728.75
171,1134,54,3,414.57
172,1507,28,1,227.96
173,1507,9,3,179.04
174,1900,58,1,437.65
175,1900,60,3,1452.15
176,1900,51,2,686.06
177,1945,43,3,535.2
178,1945,7,5,2460.2
179,2097,40,2,172.88
180,2097,48,2,566.2
181,2097,10,2,437.02
182,2097,60,4,1936.2
183,1189,12,3,637.05
184,1932,52,2,810.02
185,1932,43,3,535.2
186,1932,56,2,456.32
187,1932,48,1,283.1
188,1793,56,2,456.32
189,1793,3,2,14.92
190,1793,55,4,259.68
191,1793,31,3,187.26
192,1832,53,2,847.34
193,1832,51,2,686.06
194,1832,56,1,228.16
195,1380,26,3,826.41
196,1380,22,1,234.8
197,1785,23,4,366.2
198,1785,42,5,29.15
199,1785,33,3,534.15
200,1405,8,3,531.54
201,1566,38,1,368.32
202,1566,17,1,6.1
203,1627,23,4,366.2
204,1627,47,5,781.3
205,1627,51,5,1715.15
206,1627,21,1,198.82
207,2004,58,1,437.65
208,2004,37,4,733.4
209,2004,13,1,158.32
210,2004,17,5,30.5
211,2081,24,1,300.06
212,2081,28,3,683.88
213,1481,43,3,535.2
214,1481,55,5,324.6
215,1481,8,3,531.54
216,1512,21,5,994.1
217,1512,26,2,550.94
218,1512,45,2,263.96
219,1512,19,4,454.72
220,1524,44,5,2384.3
221,1524,48,5,1415.5
222,1524,58,3,1312.95
223,1524,12,4,849.4
224,1563,20,3,589.68
225,1729,28,5,1139.8
226,1729,51,5,1715.15
227,1611,30,2,836.8
228,1611,29,5,2152.0
229,1611,44,4,1907.44
230,1147,43,3,535.2
231,1147,6,5,1038.15
232,1494,6,2,415.26
233,1494,53,3,1271.01
234,1494,49,2,794.24
235,1610,10,1,218.51
236,1610,2,2,125.84
237,1716,40,4,345.76
238,1716,55,4,259.68
239,1716,50,5,430.2
240,1716,5,2,811.48
241,1877,32,1,20.56
242,1877,26,1,275.47
243,1877,16,4,1618.16
244,1877,10,2,437.02
245,1094,52,5,2025.05
246,1094,45,4,527.92
247,1992,36,2,269.74
248,1166,30,2,836.8
249,1249,43,3,535.2
250,1249,34,4,1556.16
251,1249,36,5,674.35
252,1249,39,5,430.65
253,2086,54,2,276.38
254,2086,59,4,605.92
255,2086,36,4,539.48
256,2086,29,3,1291.2
257,1210,54,3,414.57
258,1210,41,5,1754.0
259,1206,41,1,350.8
260,1206,16,3,1213.62
261,1206,18,2,253.66
262,1206,29,3,1291.2
263,1263,21,1,198.82
264,1263,58,2,875.3
265,1263,35,2,34.38
266,1449,25,2,924.1
267,1449,45,2,263.96
268,1084,27,4,1710.4
269,1437,35,1,17.19
270,1437,30,2,836.8
271,1437,27,4,1710.4
272,1670,58,1,437.65
273,1670,50,5,430.2
274,1670,38,4,1473.28
275,1670,45,4,527.92
276,1275,23,3,274.65
277,1370,55,5,324.6
278,1370,58,5,2188.25
279,1370,54,5,690.95
280,1370,27,2,855.2
281,2062,15,1,304.45
282,2062,18,4,507.32
283,2062,28,3,683.88
284,2062,32,4,82.24
285,1254,54,2,276.38
286,1254,30,5,2092.0
287,1921,59,4,605.92
288,1546,6,4,830.52
289,2027,56,2,456.32
290,2027,30,1,418.4
291,1590,25,4,1848.2
292,1590,21,3,596.46
293,1590,14,3,127.86
294,1676,18,3,380.49
295,1676,49,1,397.12
296,1676,54,4,552.76
297,1676,27,1,427.6
298,1509,23,2,183.1
299,2098,50,1,86.04
300,1161,16,2,809.08
301,1704,40,2,172.88
302,1937,9,1,59.68
303,1937,31,5,312.1
304,1069,30,3,1255.2
305,1069,45,3,395.94
306,1394,39,1,86.13
307,1394,48,2,566.2
308,1850,7,3,1476.12
309,1850,38,5,1841.6
310,1850,2,4,251.68
311,2093,46,2,980.72
312,2093,13,1,158.32
313,2093,5,3,1217.22
314,2093,38,5,1841.6
315,1034,51,5,1715.15
316,1870,23,5,457.75
317,1324,43,3,535.2
318,1324,24,1,300.06
319,1324,5,4,1622.96
320,1324,33,4,712.2
321,1343,28,3,683.88
322,1558,46,5,2451.8
323,1558,10,3,655.53
324,1558,28,5,1139.8
325,1558,12,5,1061.75
326,1884,30,5,2092.0
327,1884,28,3,683.88
328,1884,53,3,1271.01
329,1884,47,2,312.52
330,1903,18,4,507.32
331,2039,49,5,1985.6
332,2039,30,5,2092.0
333,1002,22,3,704.4
334,1002,2,2,125.84
335,1002,32,4,82.24
336,1002,55,2,129.84
337,1862,52,3,1215.03
338,1862,17,5,30.5
339,1862,22,3,704.4
340,1334,34,2,778.08
341,1879,16,4,1618.16
342,1208,36,4,539.48
343,1208,49,4,1588.48
344,1208,16,4,1618.16
345,1208,45,1,131.98
346,1083,19,2,227.36
347,1102,45,5,659.9
348,1102,16,3,1213.62
349,1102,20,4,786.24
350,1102,43,5,892.0
351,1571,28,3,683.88
352,1571,48,3,849.3
353,1571,36,4,539.48
354,1873,20,1,196.56
355,1873,17,2,12.2
356,1873,15,3,913.35
357,1294,48,5,1415.5
358,1857,13,4,633.28
359,1857,14,3,127.86
360,1307,7,3,1476.12
361,1307,54,2,276.38
362,1307,13,3,474.96
363,1113,20,5,982.8
364,1113,1,2,291.5
365,1126,3,3,22.38
366,1126,4,2,767.34
367,1126,36,4,539.48
368,1485,56,1,228.16
369,1790,31,2,124.84
370,1790,29,1,430.4
371,1790,22,3,704.4
372,1442,8,4,708.72
373,1442,53,1,423.67
374,1442,5,5,2028.7
375,1442,26,1,275.47
376,1389,10,5,1092.55
377,1389,52,3,1215.03
378,1750,16,1,404.54
379,1352,39,5,430.65
380,1352,51,4,1372.12
381,1352,40,4,345.76
382,1352,15,4,1217.8
383,1268,56,3,684.48
384,1268,38,5,1841.6
385,1268,28,5,1139.8
386,1313,40,1,86.44
387,1478,41,3,1052.4
388,1478,14,1,42.62
389,1386,16,5,2022.7
390,1386,12,1,212.35
391,2050,1,4,583.0
392,2050,27,5,2138.0
393,1310,19,3,341.04
394,1310,3,4,29.84
395,1310,15,1,304.45
396,1310,46,2,980.72
397,1598,51,2,686.06
398,1598,41,4,1403.2
399,1598,38,1,368.32
400,1751,42,3,17.49
401,1751,10,2,437.02
402,1317,4,2,767.34
403,1817,39,5,430.65
404,1817,48,3,849.3
405,1817,53,4,1694.68
406,1197,30,3,1255.2
407,1023,18,4,507.32
408,1023,33,1,178.05
409,1023,35,5,85.95
410,1023,32,1,20.56
411,1154,48,1,283.1
412,1154,21,1,198.82
413,1154,39,2,172.26
414,1154,17,5,30.5
415,1908,49,3,1191.36
416,1184,49,2,794.24
417,1513,34,3,1167.12
418,1513,42,2,11.66
419,1513,29,5,2152.0
420,1513,59,4,605.92
421,1295,6,3,622.89
422,1295,31,3,187.26
423,1295,23,1,91.55
424,1295,27,2,855.2
425,1628,27,3,1282.8
426,1628,45,4,527.92
427,1628,32,5,102.8
428,1459,30,1,418.4
429,2006,17,4,24.4
430,2006,21,5,994.1
431,2006,8,1,177.18
432,1642,27,3,1282.8
433,1642,4,5,1918.35
434,1642,13,4,633.28
435,1642,34,4,1556.16
436,1829,14,3,127.86
437,2017,60,4,1936.2
438,2017,19,4,454.72
439,1775,2,5,314.6
440,1984,46,3,1471.08
441,1984,11,5,1488.3
442,1289,36,4,539.48
443,1762,15,1,304.45
444,1894,8,4,708.72
445,1894,42,3,17.49
446,1894,54,5,690.95
447,1894,10,3,655.53
448,2035,54,5,690.95
449,2035,31,2,124.84
450,2035,16,4,1618.16
451,2035,30,2,836.8
452,1293,56,3,684.48
453,1293,5,4,1622.96
454,1357,60,3,1452.15
455,1357,51,1,343.03
456,1357,33,3,534.15
457,1477,54,4,552.76
458,1477,38,2,736.64
459,1477,43,4,713.6
460,1557,23,5,457.75
461,1557,22,4,939.2
462,1557,36,4,539.48
463,1557,49,3,1191.36
464,1768,45,5,659.9
465,1768,16,4,1618.16
466,1868,55,4,259.68
467,1868,50,1,86.04
468,1695,48,4,1132.4
469,1695,31,4,249.68
470,1695,46,2,980.72
471,1701,3,3,22.38
472,1701,9,1,59.68
473,1701,33,4,712.2
474,1701,38,1,368.32
475,1223,1,2,291.5
476,1223,47,1,156.26
477,1223,10,4,874.04
478,1223,27,3,1282.8
479,1309,40,1,86.44
480,1309,45,3,395.94
481,1309,26,5,1377.35
482,1348,21,4,795.28
483,1348,41,5,1754.0
484,1348,46,1,490.36
485,1348,57,5,1856.6
486,1528,16,3,1213.62
487,1599,48,4,1132.4
488,1599,6,1,207.63
489,2012,29,2,860.8
490,1597,58,3,1312.95
491,1597,2,1,62.92
492,1597,3,3,22.38
493,1872,24,2,600.12
494,1872,28,5,1139.8
495,1872,10,4,874.04
496,1492,11,1,297.66
497,1492,12,5,1061.75
498,1614,40,5,432.2
499,1614,44,2,953.72
500,1614,16,2,809.08
501,1614,32,4,82.24
502,2013,30,1,418.4
503,2013,17,4,24.4
504,2013,43,3,535.2
505,1158,5,3,1217.22
506,1158,29,5,2152.0
507,1176,41,3,1052.4
508,1176,28,4,911.84
509,1176,45,3,395.94
510,1219,25,4,1848.2
511,1219,55,1,64.92
512,1351,25,3,1386.15
513,1351,37,5,916.75
514,1603,45,4,527.92
515,1603,19,3,341.04
516,1603,2,1,62.92
517,1620,59,5,757.4
518,1684,54,2,276.38
519,1684,58,5,2188.25
520,1684,19,3,341.04
521,1684,50,2,172.08
522,2080,40,2,172.88
523,2080,17,1,6.1
524,1187,20,4,786.24
525,1912,38,3,1104.96
526,1489,6,3,622.89
527,1489,59,3,454.44
528,2011,12,5,1061.75
529,2011,13,3,474.96
530,2011,9,5,298.4
531,2011,51,5,1715.15
532,1283,54,4,552.76
533,1283,11,3,892.98
534,1283,17,3,18.3
535,1296,30,1,418.4
536,1468,49,4,1588.48
537,1468,15,5,1522.25
538,1920,6,1,207.63
539,1920,51,3,1029.09
540,1920,26,5,1377.35
541,1713,30,3,1255.2
542,1874,38,3,1104.96
543,1874,25,1,462.05
544,1874,53,2,847.34
545,1179,2,3,188.76
546,1179,40,5,432.2
547,1179,57,2,742.64
548,1179,36,1,134.87
549,1914,59,4,605.92
550,1914,45,1,131.98
551,1914,20,2,393.12
552,1914,42,1,5.83
553,1192,20,4,786.24
554,1789,7,2,984.08
555,1757,25,3,1386.15
556,1757,30,5,2092.0
557,1594,38,4,1473.28
558,1594,48,1,283.1
559,1594,47,4,625.04
560,1594,10,5,1092.55
561,2000,18,2,253.66
562,2000,3,4,29.84
563,2000,45,4,527.92
564,2000,24,2,600.12
565,1256,7,5,2460.2
566,1256,44,3,1430.58
567,1256,24,1,300.06
568,1669,18,4,507.32
569,1669,13,1,158.32
570,1669,8,2,354.36
571,1669,55,5,324.6
572,1342,4,3,1151.01
573,1186,9,5,298.4
574,1186,51,2,686.06
575,1091,54,5,690.95
576,1406,38,2,736.64
577,1406,14,3,127.86
578,2048,51,5,1715.15
579,2048,58,1,437.65
580,1032,55,5,324.6
581,1032,10,3,655.53
582,1032,9,2,119.36
583,1121,43,1,178.4
584,1285,1,2,291.5
585,1285,23,5,457.75
586,2051,2,1,62.92
587,2051,12,2,424.7
588,2051,17,4,24.4
589,1144,48,1,283.1
590,1467,29,5,2152.0
591,1467,50,1,86.04
592,1467,24,4,1200.24
593,1467,33,5,890.25
594,1017,40,5,432.2
595,1017,3,3,22.38
596,1671,42,4,23.32
597,1671,2,4,251.68
598,1671,4,1,383.67
599,1671,31,4,249.68
600,1462,5,5,2028.7
601,1462,58,2,875.3
602,1462,6,1,207.63
603,1462,21,2,397.64
604,1929,40,5,432.2
605,1929,41,3,1052.4
606,1929,38,4,1473.28
607,1014,30,4,1673.6
608,1014,33,1,178.05
609,1014,39,1,86.13
610,1150,28,2,455.92
611,1150,29,4,1721.6
612,1852,53,4,1694.68
613,1852,30,1,418.4
614,1852,26,3,826.41
615,1636,21,2,397.64
616,1636,43,4,713.6
617,1636,17,1,6.1
618,1636,24,1,300.06
619,1737,6,4,830.52
620,1105,48,3,849.3
621,1771,36,5,674.35
622,1771,4,5,1918.35
623,1890,43,3,535.2
624,1890,8,4,708.72
625,1890,27,1,427.6
626,1308,39,1,86.13
627,1308,20,5,982.8
628,1308,23,5,457.75
629,1702,10,4,874.04
630,1702,43,2,356.8
631,1426,23,5,457.75
632,1574,8,5,885.9
633,1574,49,2,794.24
634,1574,18,4,507.32
635,1710,39,3,258.39
636,1059,12,3,637.05
637,2061,59,1,151.48
638,2061,22,2,469.6
639,2061,23,2,183.1
640,1010,5,1,405.74
641,1010,10,1,218.51
642,1010,48,5,1415.5
643,1010,41,2,701.6
644,1025,27,3,1282.8
645,1025,30,3,1255.2
646,1025,22,3,704.4
647,1025,11,5,1488.3
648,1648,57,1,371.32
649,1055,11,5,1488.3
650,1055,49,1,397.12
651,1803,18,4,507.32
652,1288,32,3,61.68
653,1288,39,2,172.26
654,1288,29,5,2152.0
655,1288,27,1,427.6
656,1418,28,5,1139.8
657,1418,8,4,708.72
658,1418,19,5,568.4
659,1423,3,5,37.3
660,1423,15,1,304.45
661,1423,26,1,275.47
662,1276,20,2,393.12
663,1276,14,3,127.86
664,1474,21,4,795.28
665,1474,8,4,708.72
666,1474,1,2,291.5
667,1622,25,2,924.1
668,1622,35,5,85.95
669,1720,5,1,405.74
670,1720,26,4,1101.88
671,1720,56,1,228.16
672,1510,59,5,757.4
673,1510,5,4,1622.96
674,1510,56,5,1140.8
675,1510,21,4,795.28
676,1454,19,3,341.04
677,1454,8,2,354.36
678,1454,26,5,1377.35
679,1454,2,4,251.68
680,1119,6,1,207.63
681,1119,28,2,455.92
682,1119,55,4,259.68
683,1523,34,3,1167.12
684,1523,6,3,622.89
685,1523,26,2,550.94
686,1523,56,3,684.48
687,1004,5,1,405.74
688,1004,33,5,890.25
689,1738,58,3,1312.95
690,1738,50,3,258.12
691,1327,16,2,809.08
692,1327,7,3,1476.12
693,1542,12,2,424.7
694,1542,39,1,86.13
695,1572,50,4,344.16
696,1572,41,4,1403.2
697,1845,44,5,2384.3
698,1845,60,3,1452.15
699,1845,57,3,1113.96
700,1845,37,2,366.7
701,1444,5,3,1217.22
702,1444,31,3,187.26
703,1444,29,5,2152.0
704,1444,41,1,350.8
705,1234,33,4,712.2
706,1234,5,4,1622.96
707,1234,20,1,196.56
708,1911,24,3,900.18
709,1962,42,1,5.83
710,1035,30,1,418.4
711,1035,38,4,1473.28
712,1035,36,5,674.35
713,1035,51,2,686.06
714,1956,39,2,172.26
715,1956,31,1,62.42
716,1956,33,4,712.2
717,1211,52,3,1215.03
718,1450,33,2,356.1
719,1985,16,4,1618.16
720,2036,34,3,1167.12
721,2036,40,3,259.32
722,2036,11,4,1190.64
723,2036,24,4,1200.24
724,1354,44,3,1430.58
725,1354,39,1,86.13
726,1354,4,3,1151.01
727,1448,36,4,539.48
728,1824,17,5,30.5
729,1824,47,2,312.52
730,1824,55,3,194.76
731,2015,38,2,736.64
732,1821,20,4,786.24
733,1821,42,2,11.66
734,1821,45,5,659.9
735,1215,20,5,982.8
736,1587,42,2,11.66
737,1587,51,5,1715.15
738,1587,22,1,234.8
739,1587,53,4,1694.68
740,1804,2,2,125.84
741,1804,24,2,600.12
742,1804,20,3,589.68
743,1278,13,1,158.32
744,1278,15,3,913.35
745,1278,9,1,59.68
746,1278,10,5,1092.55
747,1649,43,3,535.2
748,2099,39,2,172.26
749,2099,25,2,924.1
750,1202,54,5,690.95
751,1202,45,2,263.96
752,1849,3,2,14.92
753,1849,27,4,1710.4
754,1849,24,5,1500.3
755,1849,44,3,1430.58
756,1148,15,4,1217.8
757,1148,35,2,34.38
758,1148,16,3,1213.62
759,1148,20,5,982.8
760,1225,30,5,2092.0
761,1225,50,5,430.2
762,1225,19,4,454.72
763,1225,25,2,924.1
764,1547,52,2,810.02
765,1547,39,3,258.39
766,1974,42,4,23.32
767,1404,36,5,674.35
768,1404,60,1,484.05
769,1404,7,3,1476.12
770,1591,49,2,794.24
771,1660,29,2,860.8
772,1660,58,4,1750.6
773,1660,33,1,178.05
774,1748,53,3,1271.01
775,1748,29,1,430.4
776,1880,4,2,767.34
777,1880,26,4,1101.88
778,1880,33,1,178.05
779,1880,24,3,900.18
780,1678,2,1,62.92
781,1678,21,3,596.46
782,1340,9,3,179.04
783,1340,3,4,29.84
784,1457,49,4,1588.48
785,1457,46,4,1961.44
786,1518,58,1,437.65
787,1848,17,2,12.2
788,1191,36,5,674.35
789,1191,47,5,781.3
790,1286,8,3,531.54
791,1286,50,1,86.04
792,1286,19,1,113.68
793,1286,16,2,809.08
794,1185,41,1,350.8
795,1185,51,1,343.03
796,1185,40,4,345.76
797,1185,30,5,2092.0
798,1399,41,5,1754.0
799,1438,46,3,1471.08
800,1438,10,4,874.04
801,1689,40,3,259.32
802,1205,37,2,366.7
803,1205,27,1,427.6
804,1152,5,5,2028.7
805,1152,34,5,1945.2
806,1152,35,5,85.95
807,1452,25,4,1848.2
808,1435,41,4,1403.2
809,1724,17,3,18.3
810,1724,48,1,283.1
811,1724,2,3,188.76
812,1155,47,1,156.26
813,1155,43,5,892.0
814,2014,9,5,298.4
815,2014,3,3,22.38
816,2014,23,2,183.1
817,1175,45,2,263.96
818,1175,31,1,62.42
819,1175,41,4,1403.2
820,1175,12,1,212.35
821,1455,13,2,316.64
822,1455,3,1,7.46
823,1455,51,3,1029.09
824,1009,33,5,890.25
825,1009,26,4,1101.88
826,1009,53,3,1271.01
827,2056,49,2,794.24
828,1799,23,1,91.55
829,1799,56,3,684.48
830,1799,50,3,258.12
831,1621,52,3,1215.03
832,1794,57,4,1485.28
833,1794,26,3,826.41
834,1794,48,2,566.2
835,1794,29,4,1721.6
836,1098,24,3,900.18
837,1098,60,1,484.05
838,1098,52,4,1620.04
839,1098,34,1,389.04
840,1403,39,3,258.39
841,1403,53,3,1271.01
842,1403,12,1,212.35
843,1403,35,1,17.19
844,1562,43,4,713.6
845,1562,19,5,568.4
846,1562,20,4,786.24
847,1632,45,3,395.94
848,1632,29,4,1721.6
849,1107,47,3,468.78
850,1164,18,1,126.83
851,1164,41,4,1403.2
852,1164,51,3,1029.09
853,1164,4,5,1918.35
854,1053,2,5,314.6
855,1053,10,4,874.04
856,1274,9,1,59.68
857,1754,50,3,258.12
858,1754,42,3,17.49
859,1248,37,4,733.4
860,1248,3,3,22.38
861,1248,39,3,258.39
862,1248,10,4,874.04
863,1490,37,2,366.7
864,1217,26,3,826.41
865,1217,21,2,397.64
866,1217,42,1,5.83
867,1388,48,2,566.2
868,1709,34,1,389.04
869,1709,25,3,1386.15
870,1709,59,3,454.44
871,1709,36,4,539.48
872,1250,40,4,345.76
873,1250,19,2,227.36
874,2002,9,1,59.68
875,1063,12,1,212.35
876,1063,58,3,1312.95
877,1063,46,3,1471.08
878,1063,29,1,430.4
879,1714,58,2,875.3
880,1714,20,2,393.12
881,1714,55,3,194.76
882,1110,8,2,354.36
883,1110,13,2,316.64
884,1141,2,3,188.76
885,1141,24,4,1200.24
886,1141,36,5,674.35
887,1141,37,2,366.7
888,1359,5,3,1217.22
889,1690,46,4,1961.44
890,1690,47,4,625.04
891,1690,31,5,312.1
892,1690,34,1,389.04
893,1555,21,1,198.82
894,1555,42,4,23.32
895,1213,44,5,2384.3
896,1213,34,5,1945.2
897,1213,23,2,183.1
898,1213,9,2,119.36
899,1618,33,1,178.05
900,1618,59,5,757.4
901,1618,56,2,456.32
902,1618,4,3,1151.01
903,1795,11,2,595.32
904,1795,21,3,596.46
905,1330,55,2,129.84
906,1330,6,5,1038.15
907,1330,17,3,18.3
908,1411,41,5,1754.0
909,1411,20,5,982.8
910,1042,33,2,356.1
911,1212,11,5,1488.3
912,1212,43,5,892.0
913,1379,54,1,138.19
914,1379,60,1,484.05
915,1379,37,1,183.35
916,1429,42,5,29.15
917,1749,42,5,29.15
918,1749,14,4,170.48
919,1749,50,5,430.2
920,1328,32,5,102.8
921,1522,42,2,11.66
922,1522,20,4,786.24
923,1522,31,3,187.26
924,1756,5,4,1622.96
925,1756,45,4,527.92
926,1756,4,4,1534.68
927,1756,11,4,1190.64
928,1103,22,2,469.6
929,1103,39,3,258.39
930,1726,47,4,625.04
931,1726,56,2,456.32
932,1726,23,3,274.65
933,1635,21,2,397.64
934,1085,8,2,354.36
935,1085,18,1,126.83
936,1085,29,1,430.4
937,1085,16,3,1213.62
938,1347,56,2,456.32
939,1347,40,3,259.32
940,1347,27,5,2138.0
941,1347,16,3,1213.62
942,1396,49,4,1588.48
943,1396,11,5,1488.3
944,1608,32,1,20.56
945,1608,57,4,1485.28
946,1608,20,5,982.8
947,1608,2,4,251.68
948,1867,14,3,127.86
949,1867,38,1,368.32
950,1149,19,4,454.72
951,1024,19,1,113.68
952,1024,35,4,68.76
953,1024,1,2,291.5
954,1024,55,3,194.76
955,1138,49,1,397.12
956,1138,26,4,1101.88
957,1138,24,1,300.06
958,1493,24,3,900.18
959,1493,36,1,134.87
960,1917,33,3,534.15
961,1917,29,5,2152.0
962,1917,49,5,1985.6
963,1917,36,1,134.87
964,1221,7,3,1476.12
965,1221,26,3,826.41
966,1237,49,5,1985.6
967,1237,10,5,1092.55
968,1237,13,4,633.28
969,1318,3,1,7.46
970,1090,46,4,1961.44
971,1090,22,5,1174.0
972,1332,10,2,437.02
973,1332,39,3,258.39
974,1332,58,5,2188.25
975,1332,33,3,534.15
976,1896,26,3,826.41
977,1896,40,5,432.2
978,1841,33,4,712.2
979,1841,54,5,690.95
980,1841,35,3,51.57
981,1322,53,1,423.67
982,1322,2,4,251.68
983,1322,24,5,1500.3
984,1322,22,3,704.4
985,1989,39,4,344.52
986,1125,42,5,29.15
987,1125,51,5,1715.15
988,1125,50,2,172.08
989,1712,38,4,1473.28
990,1822,34,5,1945.2
991,1822,41,4,1403.2
992,1338,53,2,847.34
993,1338,44,1,476.86
994,1812,13,1,158.32
995,2046,21,2,397.64
996,2046,27,4,1710.4
997,2046,10,5,1092.55
998,2046,45,5,659.9
999,1407,56,1,228.16
1000,1407,55,2,129.84
1001,1407,48,5,1415.5
1002,1407,47,2,312.52
1003,1581,43,4,713.6
1004,1581,31,3,187.26
1005,1581,34,2,778.08
1006,1007,59,3,454.44
1007,1007,35,5,85.95
1008,1007,22,4,939.2
1009,1007,23,2,183.1
1010,1111,18,3,380.49
1011,1111,36,2,269.74
1012,1556,50,2,172.08
1013,1556,19,4,454.72
1014,1556,46,3,1471.08
1015,1665,23,3,274.65
1016,1665,36,3,404.61
1017,1665,60,1,484.05
1018,1665,51,5,1715.15
1019,1776,58,2,875.3
1020,1776,26,3,826.41
1021,1776,53,1,423.67
1022,1776,23,3,274.65
1023,1664,23,4,366.2
1024,1759,48,2,566.2
1025,1759,31,5,312.1
1026,1759,14,3,127.86
1027,1390,9,5,298.4
1028,1390,7,2,984.08
1029,1390,40,2,172.88
1030,1218,43,5,892.0
1031,1707,41,1,350.8
1032,1707,15,1,304.45
1033,1779,22,2,469.6
1034,1779,46,1,490.36
1035,1779,31,5,312.1
1036,1779,7,2,984.08
1037,1906,42,4,23.32
1038,1906,60,2,968.1
1039,1906,57,3,1113.96
1040,1906,31,3,187.26
1041,1321,42,1,5.83
1042,1321,4,5,1918.35
1043,1321,59,2,302.96
1044,1677,59,2,302.96
1045,1711,57,1,371.32
1046,1711,54,4,552.76
1047,1711,12,4,849.4
1048,1711,60,2,968.1
1049,1243,57,3,1113.96
1050,1243,3,5,37.3
1051,1243,1,5,728.75
1052,1582,60,3,1452.15
1053,1970,30,5,2092.0
1054,1970,42,4,23.32
1055,1970,35,2,34.38
1056,1540,18,3,380.49
1057,1540,13,2,316.64
1058,1540,52,4,1620.04
1059,1540,8,3,531.54
1060,1200,1,3,437.25
1061,1200,48,3,849.3
1062,1646,12,4,849.4
1063,1646,40,4,345.76
1064,1936,6,1,207.63
1065,1936,26,2,550.94
1066,1936,43,2,356.8
1067,1460,21,3,596.46
1068,1460,60,4,1936.2
1069,1460,16,2,809.08
1070,1460,1,4,583.0
1071,1680,22,5,1174.0
1072,1680,20,1,196.56
1073,1680,38,3,1104.96
1074,2072,45,1,131.98
1075,2072,16,4,1618.16
1076,2072,4,3,1151.01
1077,1659,26,5,1377.35
1078,1659,44,3,1430.58
1079,2065,41,3,1052.4
1080,1440,40,4,345.76
1081,1440,15,2,608.9
1082,1440,9,4,238.72
1083,1397,27,4,1710.4
1084,1397,45,5,659.9
1085,1397,36,2,269.74
1086,1976,44,5,2384.3
1087,1976,49,1,397.12
1088,1075,34,5,1945.2
1089,1075,46,1,490.36
1090,1075,24,1,300.06
1091,1075,5,5,2028.7
1092,1837,37,2,366.7
1093,1837,35,2,34.38
1094,1068,55,1,64.92
1095,1068,34,2,778.08
1096,1068,29,5,2152.0
1097,1825,6,1,207.63
1098,1825,58,4,1750.6
1099,1825,33,2,356.1
1100,1825,29,5,2152.0
1101,1961,30,4,1673.6
1102,1961,37,3,550.05
1103,1961,4,1,383.67
1104,1961,36,4,539.48
1105,1314,53,2,847.34
1106,1314,1,5,728.75
1107,1314,48,1,283.1
1108,1907,28,3,683.88
1109,1269,35,1,17.19
1110,1422,60,4,1936.2
1111,1583,19,4,454.72
1112,1036,50,4,344.16
1113,1036,9,3,179.04
1114,1292,29,4,1721.6
1115,1292,56,1,228.16
1116,1292,59,5,757.4
1117,1292,25,2,924.1
1118,1876,8,4,708.72
1119,1876,12,5,1061.75
1120,1876,35,2,34.38
1121,1099,54,1,138.19
1122,1099,1,3,437.25
1123,1533,44,5,2384.3
1124,1533,47,4,625.04
1125,1533,35,2,34.38
1126,1533,28,2,455.92
1127,1672,23,1,91.55
1128,1672,10,1,218.51
1129,1672,18,4,507.32
1130,1672,13,5,791.6
1131,1030,16,2,809.08
1132,1368,7,5,2460.2
1133,1373,29,5,2152.0
1134,2063,16,1,404.54
1135,1863,29,1,430.4
1136,1863,15,2,608.9
1137,1863,35,5,85.95
1138,1863,14,3,127.86
1139,2074,53,5,2118.35
1140,2074,59,3,454.44
1141,1488,16,2,809.08
1142,1488,20,5,982.8
1143,1488,57,2,742.64
1144,1638,20,5,982.8
1145,1638,18,2,253.66
1146,1638,4,4,1534.68
1147,1638,36,5,674.35
1148,1127,4,4,1534.68
1149,1127,23,5,457.75
1150,1127,42,3,17.49
1151,1127,43,4,713.6
1152,1698,10,5,1092.55
1153,1698,20,4,786.24
1154,1698,25,2,924.1
1155,1698,12,2,424.7
1156,1986,55,4,259.68
1157,1986,46,1,490.36
1158,1986,10,5,1092.55
1159,2028,27,4,1710.4
1160,2028,36,2,269.74
1161,2028,34,3,1167.12
1162,2028,9,2,119.36
1163,2059,42,4,23.32
1164,2059,6,3,622.89
1165,2059,60,1,484.05
1166,1065,4,4,1534.68
1167,1065,18,5,634.15
1168,1329,56,1,228.16
1169,1904,52,5,2025.05
1170,1904,49,5,1985.6
1171,1408,31,3,187.26
1172,1408,14,3,127.86
1173,1204,14,2,85.24
1174,1280,48,4,1132.4
1175,1940,45,2,263.96
1176,1940,39,4,344.52
1177,1369,36,3,404.61
1178,1369,21,4,795.28
1179,1123,35,3,51.57
1180,1123,42,3,17.49
1181,1123,23,5,457.75
1182,1123,20,4,786.24
1183,1374,7,3,1476.12
1184,1374,52,2,810.02
1185,1374,47,3,468.78
1186,1374,31,3,187.26
1187,1828,3,2,14.92
1188,1828,37,1,183.35
1189,1828,56,3,684.48
1190,1828,15,5,1522.25
1191,1901,19,2,227.36
1192,1901,10,4,874.04
1193,1901,13,5,791.6
1194,1901,22,2,469.6
1195,1578,36,3,404.61
1196,1578,42,4,23.32
1197,1578,44,4,1907.44
1198,1578,22,4,939.2
1199,2066,47,3,468.78
1200,2066,51,2,686.06
1201,1501,47,4,625.04
1202,1501,35,2,34.38
1203,1537,34,1,389.04
1204,1647,53,1,423.67
1205,1788,27,2,855.2
1206,1301,5,2,811.48
1207,1301,46,1,490.36
1208,1569,33,3,534.15
1209,1569,30,1,418.4
1210,1810,43,5,892.0
1211,1810,32,5,102.8
1212,1810,2,4,251.68
1213,1810,1,1,145.75
1214,1146,34,3,1167.12
1215,2085,2,4,251.68
1216,2085,33,2,356.1
1217,2085,53,1,423.67
1218,1266,34,2,778.08
1219,2073,13,5,791.6
1220,2073,40,3,259.32
1221,1412,18,1,126.83
1222,1412,51,3,1029.09
1223,1412,26,4,1101.88
1224,1500,37,3,550.05
1225,1500,16,1,404.54
1226,1500,45,1,131.98
1227,1500,15,1,304.45
1228,1178,25,1,462.05
1229,1178,36,2,269.74
1230,1178,31,1,62.42
1231,1178,4,4,1534.68
1232,2067,42,1,5.83
1233,2067,51,5,1715.15
1234,2067,22,1,234.8
1235,2067,37,2,366.7
1236,1855,58,5,2188.25
1237,1855,56,4,912.64
1238,1224,3,3,22.38
1239,1224,60,5,2420.25
1240,1224,5,5,2028.7
1241,1157,12,3,637.05
1242,1421,14,5,213.1
1243,1889,49,4,1588.48
1244,1889,53,1,423.67
1245,1836,11,5,1488.3
1246,1836,37,4,733.4
1247,1836,16,5,2022.7
1248,1951,25,2,924.1
1249,1951,49,1,397.12
1250,1951,48,5,1415.5
1251,1938,4,2,767.34
1252,1938,7,1,492.04
1253,1938,28,3,683.88
1254,1972,50,3,258.12
1255,1972,21,4,795.28
1256,1972,2,4,251.68
1257,1972,41,2,701.6
1258,1325,36,2,269.74
1259,1325,25,5,2310.25
1260,1325,28,4,911.84
1261,1595,50,5,430.2
1262,1910,52,1,405.01
1263,1910,16,1,404.54
1264,1910,46,3,1471.08
1265,1503,25,2,924.1
1266,1503,46,4,1961.44
1267,1116,24,1,300.06
1268,1116,7,3,1476.12
1269,1116,6,4,830.52
1270,1188,49,2,794.24
1271,1188,18,1,126.83
1272,1188,7,2,984.08
1273,1458,29,1,430.4
1274,1458,36,1,134.87
1275,1458,33,1,178.05
1276,1458,27,3,1282.8
1277,1579,39,5,430.65
1278,1747,56,3,684.48
1279,1747,25,4,1848.2
1280,1747,1,4,583.0
1281,1895,47,5,781.3
1282,1201,37,2,366.7
1283,1201,34,4,1556.16
1284,1502,9,3,179.04
1285,1502,18,3,380.49
1286,1624,10,3,655.53
1287,1624,5,4,1622.96
1288,1624,11,3,892.98
1289,1624,28,4,911.84
1290,1653,24,3,900.18
1291,1898,47,4,625.04
1292,1898,41,5,1754.0
1293,1521,30,2,836.8
1294,1521,7,3,1476.12
1295,1560,26,3,826.41
1296,1991,52,3,1215.03
1297,1991,56,4,912.64
1298,1991,22,5,1174.0
1299,1991,29,2,860.8
1300,1786,21,2,397.64
1301,1786,39,4,344.52
1302,1786,45,3,395.94
1303,1977,26,3,826.41
1304,1977,21,4,795.28
1305,2024,21,3,596.46
1306,2024,25,4,1848.2
1307,1480,8,2,354.36
1308,1480,60,5,2420.25
1309,1480,37,5,916.75
1310,1909,44,5,2384.3
1311,1909,50,1,86.04
1312,1928,46,3,1471.08
1313,1928,14,1,42.62
1314,1928,29,4,1721.6
1315,1928,52,4,1620.04
1316,1080,41,2,701.6
1317,1080,20,3,589.68
1318,1092,46,4,1961.44
1319,1092,28,1,227.96
1320,1549,39,5,430.65
1321,1549,31,5,312.1
1322,1549,38,4,1473.28
1323,1549,26,5,1377.35
1324,1170,51,3,1029.09
1325,1487,7,2,984.08
1326,1856,11,1,297.66
1327,1856,42,5,29.15
1328,1856,40,4,345.76
1329,1508,51,1,343.03
1330,1508,28,1,227.96
1331,1508,7,3,1476.12
1332,2029,33,5,890.25
1333,2029,48,5,1415.5
1334,1076,29,4,1721.6
1335,1076,24,4,1200.24
1336,1257,23,4,366.2
1337,1257,2,1,62.92
1338,1554,27,1,427.6
1339,1554,59,2,302.96
1340,1554,6,3,622.89
1341,1643,22,2,469.6
1342,1643,30,5,2092.0
1343,1643,51,4,1372.12
1344,1114,31,4,249.68
1345,1114,7,3,1476.12
1346,1114,29,1,430.4
1347,1988,3,1,7.46
1348,1988,52,1,405.01
1349,1988,46,3,1471.08
1350,1262,44,2,953.72
1351,1933,34,5,1945.2
1352,1933,12,2,424.7
1353,2016,36,2,269.74
1354,2016,28,4,911.84
1355,2016,30,2,836.8
1356,1655,41,4,1403.2
1357,1655,43,4,713.6
1358,1548,48,5,1415.5
1359,1151,29,4,1721.6
1360,1151,38,4,1473.28
1361,1434,46,2,980.72
1362,2033,18,1,126.83
1363,2033,49,5,1985.6
1364,1336,52,5,2025.05
1365,2008,24,2,600.12
1366,2008,21,4,795.28
1367,1244,17,4,24.4
1368,1881,39,4,344.52
1369,1881,25,5,2310.25
1370,1881,40,1,86.44
1371,1400,23,5,457.75
1372,1400,55,2,129.84
1373,1400,30,3,1255.2
1374,1104,44,2,953.72
1375,1694,8,1,177.18
1376,1694,16,2,809.08
1377,1694,20,3,589.68
1378,1384,33,4,712.2
1379,1384,25,5,2310.25
1380,1859,37,4,733.4
1381,1859,25,2,924.1
1382,2037,41,2,701.6
1383,2037,35,5,85.95
1384,2037,45,2,263.96
1385,2037,59,4,605.92
1386,2053,9,4,238.72
1387,2053,12,5,1061.75
1388,2053,21,1,198.82
1389,1015,1,2,291.5
1390,1015,32,4,82.24
1391,1015,9,5,298.4
1392,1022,27,4,1710.4
1393,1022,44,4,1907.44
1394,1022,32,2,41.12
1395,1022,46,1,490.36
1396,1093,51,2,686.06
1397,1382,3,5,37.3
1398,1382,18,3,380.49
1399,1382,15,2,608.9
1400,1233,37,5,916.75
1401,1233,48,5,1415.5
1402,1233,50,1,86.04
1403,1233,32,5,102.8
1404,1312,18,5,634.15
1405,1349,35,1,17.19
1406,1349,53,4,1694.68
1407,1349,49,5,1985.6
1408,1534,28,2,455.92
1409,1534,7,3,1476.12
1410,1796,29,3,1291.2
1411,1589,56,4,912.64
1412,1589,53,1,423.67
1413,1589,6,2,415.26
1414,2009,52,5,2025.05
1415,2009,48,3,849.3
1416,1057,11,2,595.32
1417,1057,40,2,172.88
1418,1057,9,1,59.68
1419,1057,51,5,1715.15
1420,1272,35,5,85.95
1421,1272,18,2,253.66
1422,1272,39,3,258.39
1423,1930,19,5,568.4
1424,1930,37,1,183.35
1425,1930,18,2,253.66
1426,1584,59,2,302.96
1427,1584,4,2,767.34
1428,1584,18,2,253.66
1429,1584,56,2,456.32
1430,1746,54,4,552.76
1431,1746,16,4,1618.16
1432,1746,49,2,794.24
1433,1129,41,4,1403.2
1434,1129,27,1,427.6
1435,1129,25,1,462.05
1436,1732,33,3,534.15
1437,1732,48,4,1132.4
1438,1732,18,4,507.32
1439,1732,45,3,395.94
1440,1865,56,1,228.16
1441,1697,41,1,350.8
1442,1697,43,5,892.0
1443,1697,45,4,527.92
1444,1697,23,2,183.1
1445,1040,53,3,1271.01
1446,1040,14,3,127.86
1447,1040,32,3,61.68
1448,1040,18,5,634.15
1449,1430,37,4,733.4
1450,1430,55,3,194.76
1451,1854,3,1,7.46
1452,1282,2,2,125.84
1453,1282,8,4,708.72
1454,1282,60,4,1936.2
1455,1282,55,1,64.92
1456,2071,13,3,474.96
1457,2071,45,2,263.96
1458,2071,59,3,454.44
1459,2071,9,1,59.68
1460,1064,17,2,12.2
1461,1064,6,1,207.63
1462,1064,24,4,1200.24
1463,1602,47,2,312.52
1464,1602,45,4,527.92
1465,1602,49,1,397.12
1466,1922,1,2,291.5
1467,1056,5,5,2028.7
1468,1056,9,4,238.72
1469,1056,38,1,368.32
1470,1056,15,1,304.45
1471,2001,53,4,1694.68
1472,2001,8,2,354.36
1473,2001,56,4,912.64
1474,1046,15,4,1217.8
1475,1736,47,1,156.26
1476,1003,21,3,596.46
1477,1506,9,2,119.36
1478,1506,25,2,924.1
1479,1506,50,1,86.04
1480,1539,40,2,172.88
1481,1781,23,2,183.1
1482,1781,47,4,625.04
1483,1781,14,5,213.1
1484,1781,41,4,1403.2
1485,1525,6,1,207.63
1486,1525,58,2,875.3
1487,1306,38,4,1473.28
1488,1565,28,2,455.92
1489,1565,21,2,397.64
1490,1565,51,3,1029.09
1491,1935,16,5,2022.7
1492,2049,50,3,258.12
1493,2049,45,2,263.96
1494,2049,2,5,314.6
1495,1615,48,3,849.3
1496,1615,26,1,275.47
1497,1012,32,1,20.56
1498,1012,25,2,924.1
1499,1413,41,1,350.8
1500,1413,39,3,258.39
1501,1413,5,3,1217.22
1502,1413,34,2,778.08
1503,1471,56,3,684.48
1504,1471,54,5,690.95
1505,1471,37,2,366.7
1506,1471,27,4,1710.4
1507,1722,2,5,314.6
1508,1683,1,3,437.25
1509,1013,3,1,7.46
1510,1013,60,4,1936.2
1511,2090,41,4,1403.2
1512,2090,46,4,1961.44
1513,2090,33,4,712.2
1514,1551,41,5,1754.0
1515,1416,18,3,380.49
1516,1416,6,1,207.63
1517,1242,52,5,2025.05
1518,1242,10,3,655.53
1519,1319,38,1,368.32
1520,1319,41,3,1052.4
1521,1319,49,4,1588.48
1522,1319,54,2,276.38
1523,2038,16,1,404.54
1524,1156,8,1,177.18
1525,1156,30,3,1255.2
1526,1156,40,2,172.88
1527,1156,39,1,86.13
1528,1323,46,2,980.72
1529,1498,11,4,1190.64
1530,1658,34,3,1167.12
1531,1658,51,2,686.06
1532,1658,53,3,1271.01
1533,1685,48,3,849.3
1534,1685,50,1,86.04
1535,1420,22,4,939.2
1536,1696,34,5,1945.2
1537,1696,5,1,405.74
1538,1696,17,4,24.4
1539,1770,33,5,890.25
1540,1770,24,2,600.12
1541,1770,4,3,1151.01
1542,1770,32,2,41.12
1543,1108,50,5,430.2
1544,1108,7,1,492.04
1545,1108,58,2,875.3
1546,1142,3,1,7.46
1547,1365,3,3,22.38
1548,1365,31,4,249.68
1549,2082,12,1,212.35
1550,2082,60,5,2420.25
1551,1866,15,3,913.35
1552,1866,21,3,596.46
1553,1866,16,1,404.54
1554,1866,27,5,2138.0
1555,1609,8,1,177.18
1556,1609,33,2,356.1
1557,1609,44,2,953.72
1558,1181,26,1,275.47
1559,1601,56,3,684.48
1560,1601,19,3,341.04
1561,1601,50,1,86.04
1562,1601,55,5,324.6
1563,1948,1,5,728.75
1564,1948,24,3,900.18
1565,1948,13,5,791.6
1566,1948,19,2,227.36
1567,1039,24,2,600.12
1568,1039,38,5,1841.6
1569,1039,32,2,41.12
1570,1039,50,2,172.08
1571,1840,60,4,1936.2
1572,1139,15,5,1522.25
1573,1511,41,1,350.8
1574,1511,54,3,414.57
1575,1511,45,1,131.98
1576,1766,55,1,64.92
1577,1766,48,2,566.2
1578,1766,47,5,781.3
1579,1766,20,2,393.12
1580,1925,32,3,61.68
1581,1925,4,1,383.67
1582,1925,10,1,218.51
1583,1925,46,2,980.72
1584,1869,45,1,131.98
1585,1869,58,5,2188.25
1586,1869,24,1,300.06
1587,1869,30,5,2092.0
1588,1463,41,4,1403.2
1589,1463,53,1,423.67
1590,2044,28,2,455.92
1591,1086,19,3,341.04
1592,1086,17,4,24.4
1593,1424,21,2,397.64
1594,1424,29,1,430.4
1595,1424,18,2,253.66
1596,1960,50,1,86.04
1597,1960,38,2,736.64
1598,1137,11,4,1190.64
1599,1593,21,3,596.46
1600,1593,27,2,855.2
1601,1593,8,4,708.72
1602,1593,35,3,51.57
1603,1939,17,2,12.2
1604,1939,55,3,194.76
1605,1939,8,5,885.9
1606,1939,6,1,207.63
1607,1097,54,3,414.57
1608,1097,55,2,129.84
1609,1639,46,2,980.72
1610,1675,26,3,826.41
1611,1675,33,3,534.15
1612,1675,4,2,767.34
1613,1831,26,4,1101.88
1614,1968,7,1,492.04
1615,1968,30,2,836.8
1616,1402,1,1,145.75
1617,1957,9,4,238.72
1618,1957,13,3,474.96
1619,2079,38,5,1841.6
1620,2026,59,1,151.48
1621,2026,53,1,423.67
1622,2026,5,2,811.48
1623,1955,52,3,1215.03
1624,1955,9,1,59.68
1625,1955,6,1,207.63
1626,1955,58,4,1750.6
1627,1814,11,5,1488.3
1628,1833,53,1,423.67
1629,1833,47,4,625.04
1630,1833,26,4,1101.88
1631,1833,32,2,41.12
1632,1543,14,3,127.86
1633,1543,59,3,454.44
1634,1543,12,4,849.4
1635,1169,3,5,37.3
1636,1169,40,5,432.2
1637,1465,42,4,23.32
1638,1465,19,4,454.72
1639,1686,4,2,767.34
1640,1686,6,4,830.52
1641,1686,18,2,253.66
1642,1686,25,5,2310.25
1643,2069,41,5,1754.0
1644,2069,52,1,405.01
1645,1811,51,5,1715.15
1646,1811,46,4,1961.44
1647,1811,23,3,274.65
1648,1811,31,5,312.1
1649,1239,25,1,462.05
1650,1239,18,3,380.49
1651,1239,12,5,1061.75
1652,1044,2,3,188.76
1653,1044,58,1,437.65
1654,1061,34,2,778.08
1655,1061,23,2,183.1
1656,1061,50,1,86.04
1657,1061,38,2,736.64
1658,1304,18,1,126.83
1659,1304,35,2,34.38
1660,1371,23,2,183.1
1661,1371,60,2,968.1
1662,1371,54,2,276.38
1663,1371,55,5,324.6
1664,1607,52,3,1215.03
1665,1607,48,5,1415.5
1666,1607,45,1,131.98
1667,1983,37,4,733.4
1668,1983,10,5,1092.55
1669,1983,13,3,474.96
1670,1106,32,1,20.56
1671,1106,3,1,7.46
1672,1451,39,1,86.13
1673,1451,15,5,1522.25
1674,1567,1,2,291.5
1675,1567,22,2,469.6
1676,1567,59,3,454.44
1677,1567,40,2,172.88
1678,1054,4,5,1918.35
1679,1054,2,2,125.84
1680,1054,10,1,218.51
1681,1617,5,4,1622.96
1682,1617,24,5,1500.3
1683,1617,46,1,490.36
1684,1905,20,2,393.12
1685,1905,21,4,795.28
1686,1905,9,4,238.72
1687,1216,12,5,1061.75
1688,1216,46,3,1471.08
1689,1216,36,2,269.74
1690,1297,25,3,1386.15
1691,1297,20,2,393.12
1692,1816,47,5,781.3
1693,1816,1,4,583.0
1694,1860,12,5,1061.75
1695,1959,59,2,302.96
1696,1959,52,5,2025.05
1697,1959,40,1,86.44
1698,1645,10,2,437.02
1699,1645,22,3,704.4
1700,1645,48,3,849.3
1701,1645,5,2,811.48
1702,1758,53,3,1271.01
1703,1792,1,1,145.75
1704,1792,17,3,18.3
1705,1792,14,3,127.86
1706,1792,16,1,404.54
1707,2058,4,4,1534.68
1708,1115,47,4,625.04
1709,1115,27,4,1710.4
1710,1115,11,4,1190.64
1711,1115,57,3,1113.96
1712,1679,7,5,2460.2
1713,1679,54,2,276.38
1714,1679,31,2,124.84
1715,1679,51,4,1372.12
1716,1827,52,1,405.01
1717,1047,2,1,62.92
1718,1047,21,1,198.82
1719,1047,17,3,18.3
1720,1315,57,2,742.64
1721,1315,25,1,462.05
1722,2018,22,5,1174.0
1723,1062,46,2,980.72
1724,1062,2,5,314.6
1725,1062,28,4,911.84
1726,1062,42,2,11.66
1727,1871,7,3,1476.12
1728,1203,13,5,791.6
1729,1203,27,5,2138.0
1730,1130,43,2,356.8
1731,1130,19,1,113.68
1732,1130,20,1,196.56
1733,1246,37,2,366.7
1734,1246,36,1,134.87
1735,1246,54,3,414.57
1736,1246,32,1,20.56
1737,1253,6,5,1038.15
1738,1253,19,4,454.72
1739,1253,53,2,847.34
1740,1253,43,1,178.4
1741,1674,14,2,85.24
1742,1037,6,1,207.63
1743,1037,31,3,187.26
1744,1037,55,4,259.68
1745,1132,32,1,20.56
1746,1132,58,5,2188.25
1747,1132,43,4,713.6
1748,1132,17,2,12.2
1749,1950,57,2,742.64
1750,1950,25,4,1848.2
1751,1950,24,1,300.06
1752,1797,29,2,860.8
1753,1797,30,3,1255.2
1754,1797,17,5,30.5
1755,1320,10,1,218.51
1756,1238,43,3,535.2
1757,1245,49,1,397.12
1758,1245,38,4,1473.28
1759,1245,15,5,1522.25
1760,1245,36,4,539.48
1761,2070,37,3,550.05
1762,2070,57,1,371.32
1763,2070,16,4,1618.16
1764,2070,31,1,62.42
1765,1361,8,4,708.72
1766,1361,49,2,794.24
1767,1619,14,2,85.24
1768,1619,52,2,810.02
1769,1526,28,1,227.96
1770,1919,13,5,791.6
1771,1919,53,3,1271.01
1772,1919,41,3,1052.4
1773,1919,10,1,218.51
1774,1112,25,5,2310.25
1775,1172,36,5,674.35
1776,1172,21,4,795.28
1777,1172,55,1,64.92
1778,1172,18,5,634.15
1779,1339,8,5,885.9
1780,1339,27,5,2138.0
1781,1339,10,1,218.51
1782,1339,37,1,183.35
1783,1973,51,3,1029.09
1784,1588,57,4,1485.28
1785,1588,27,4,1710.4
1786,1588,17,5,30.5
1787,1630,3,2,14.92
1788,1630,12,5,1061.75
1789,1630,18,5,634.15
1790,1630,26,4,1101.88
1791,1410,26,3,826.41
1792,1705,4,4,1534.68
1793,1705,48,3,849.3
1794,1801,2,3,188.76
1795,1801,22,3,704.4
1796,1801,53,3,1271.01
1797,2057,55,2,129.84
1798,2057,45,2,263.96
1799,2057,44,3,1430.58
1800,2057,7,4,1968.16
1801,1472,18,5,634.15
1802,1472,47,1,156.26
1803,1472,27,2,855.2
1804,1362,14,4,170.48
1805,1362,59,5,757.4
1806,1362,53,3,1271.01
1807,1362,27,1,427.6
1808,1568,5,5,2028.7
1809,1568,20,4,786.24
1810,1708,50,5,430.2
1811,1708,55,5,324.6
1812,1190,12,2,424.7
1813,1264,54,2,276.38
1814,1264,4,1,383.67
1815,1120,4,2,767.34
1816,1120,59,3,454.44
1817,1120,24,3,900.18
1818,1120,46,4,1961.44
1819,1229,41,1,350.8
1820,1229,60,2,968.1
1821,1229,8,3,531.54
1822,1229,44,4,1907.44
1823,1270,12,5,1061.75
1824,1270,56,3,684.48
1825,1270,31,3,187.26
1826,1270,38,2,736.64
1827,1514,48,1,283.1
1828,1514,54,3,414.57
1829,1514,45,1,131.98
1830,1882,4,2,767.34
1831,1882,11,2,595.32
1832,1882,55,2,129.84
1833,1882,37,2,366.7
1834,2043,42,1,5.83
1835,2043,27,1,427.6
1836,2043,33,4,712.2
1837,1809,42,5,29.15
1838,1809,12,1,212.35
1839,1550,17,3,18.3
1840,1550,39,3,258.39
1841,1564,58,4,1750.6
1842,1564,25,3,1386.15
1843,1564,55,2,129.84
1844,1564,23,4,366.2
1845,1387,44,5,2384.3
1846,1387,34,4,1556.16
1847,1387,53,5,2118.35
1848,1980,1,5,728.75
1849,1834,36,5,674.35
1850,1834,42,3,17.49
1851,1834,39,3,258.39
1852,1915,31,1,62.42
1853,1987,18,3,380.49
1854,1987,41,3,1052.4
1855,1987,21,3,596.46
1856,1145,10,2,437.02
1857,1145,34,1,389.04
1858,1417,43,1,178.4
1859,1417,21,4,795.28
1860,1417,44,3,1430.58
1861,1417,9,3,179.04
1862,1958,26,5,1377.35
1863,1958,25,5,2310.25
1864,1958,48,2,566.2
1865,1958,3,3,22.38
1866,1235,44,4,1907.44
1867,1235,35,3,51.57
1868,1888,55,5,324.6
1869,1888,11,2,595.32
1870,1888,54,3,414.57
1871,1281,31,2,124.84
1872,1476,47,2,312.52
1873,1476,52,3,1215.03
1874,1476,36,1,134.87
1875,1892,23,3,274.65
1876,1892,15,4,1217.8
1877,1691,24,3,900.18
1878,1691,17,4,24.4
1879,1691,38,1,368.32
1880,1082,4,5,1918.35
1881,1082,56,5,1140.8
1882,1082,41,1,350.8
1883,1082,38,4,1473.28
1884,1470,33,4,712.2
1885,1470,8,5,885.9
1886,1650,27,2,855.2
1887,1650,4,2,767.34
1888,1650,56,2,456.32
1889,1741,27,4,1710.4
1890,1741,37,2,366.7
1891,1741,58,3,1312.95
1892,1159,50,4,344.16
1893,1159,6,3,622.89
1894,1765,21,1,198.82
1895,1765,41,1,350.8
1896,1527,18,2,253.66
1897,1527,14,5,213.1
1898,1527,49,2,794.24
1899,1527,50,4,344.16
1900,1769,9,5,298.4
1901,1446,41,4,1403.2
1902,1446,28,1,227.96
1903,1446,26,1,275.47
1904,1446,31,5,312.1
1905,1626,47,1,156.26
1906,1626,24,3,900.18
1907,1661,2,1,62.92
1908,1661,44,2,953.72
1909,1802,45,3,395.94
1910,1802,57,3,1113.96
1911,2078,7,5,2460.2
1912,2078,25,5,2310.25
1913,1143,11,1,297.66
1914,1143,5,3,1217.22
1915,1143,53,3,1271.01
1916,1995,47,4,625.04
1917,1995,34,2,778.08
1918,1995,39,3,258.39
1919,1995,22,4,939.2
1920,1978,49,4,1588.48
1921,1978,13,1,158.32
1922,1978,11,2,595.32
1923,1432,47,2,312.52
1924,1432,9,1,59.68
1925,2041,8,1,177.18
1926,2041,24,4,1200.24
1927,1800,50,1,86.04
1928,1800,35,5,85.95
1929,1800,40,1,86.44
1930,1385,42,1,5.83
1931,1727,45,1,131.98
1932,2040,29,3,1291.2
1933,2040,25,4,1848.2
1934,2040,8,2,354.36
1935,2040,36,2,269.74
1936,1096,20,4,786.24
1937,1668,43,5,892.0
1938,1819,40,2,172.88
1939,1819,39,4,344.52
1940,1819,45,1,131.98
1941,1926,19,1,113.68
1942,1335,32,2,41.12
1943,1461,50,5,430.2
1944,1461,17,2,12.2
1945,1049,46,2,980.72
1946,1049,27,1,427.6
1947,1049,19,5,568.4
1948,1326,59,4,605.92
1949,1326,14,3,127.86
1950,1326,45,2,263.96
1951,1326,60,1,484.05
1952,1997,43,1,178.4
1953,1604,54,5,690.95
1954,1730,10,1,218.51
1955,1730,6,1,207.63
1956,1730,50,3,258.12
1957,1730,33,2,356.1
1958,1491,19,1,113.68
1959,1491,17,2,12.2
1960,1491,30,1,418.4
1961,1491,4,3,1151.01
1962,1505,52,4,1620.04
1963,1505,44,1,476.86
1964,1505,21,1,198.82
1965,1631,1,2,291.5
1966,1897,22,4,939.2
1967,1897,23,5,457.75
1968,2023,57,3,1113.96
1969,2023,47,3,468.78
1970,2023,6,2,415.26
1971,1131,26,4,1101.88
1972,1728,18,4,507.32
1973,1728,54,4,552.76
1974,1728,25,2,924.1
1975,1728,45,1,131.98
1976,1994,45,1,131.98
1977,1994,47,2,312.52
1978,1291,27,5,2138.0
1979,1784,52,2,810.02
1980,1784,37,5,916.75
1981,1784,44,4,1907.44
1982,1784,29,3,1291.2
1983,1029,56,2,456.32
1984,1299,59,4,605.92
1985,1299,32,4,82.24
1986,1299,8,1,177.18
1987,1299,57,1,371.32
1988,1135,42,5,29.15
1989,1135,21,5,994.1
1990,1135,1,5,728.75
1991,1193,43,3,535.2
1992,1193,56,5,1140.8
1993,1815,28,2,455.92
1994,1887,23,4,366.2
1995,1887,43,2,356.8
1996,1887,44,5,2384.3
1997,1887,42,5,29.15
1998,1401,1,2,291.5
1999,1923,55,1,64.92
2000,1923,32,4,82.24
2001,1923,56,3,684.48
2002,1923,11,2,595.32
2003,1447,18,2,253.66
2004,1447,4,5,1918.35
2005,1447,33,4,712.2
2006,1220,53,4,1694.68
2007,1220,16,5,2022.7
2008,1220,6,4,830.52
2009,1220,30,1,418.4
2010,1519,29,1,430.4
2011,1519,21,1,198.82
2012,1519,8,4,708.72
2013,1519,32,4,82.24
2014,1011,36,5,674.35
2015,1051,53,1,423.67
2016,1345,57,2,742.64
2017,1345,33,4,712.2
2018,1345,36,3,404.61
2019,1739,53,4,1694.68
2020,1739,4,3,1151.01
2021,1739,15,5,1522.25
2022,1095,46,1,490.36
2023,1095,43,1,178.4
2024,1095,24,2,600.12
2025,1095,29,1,430.4
2026,1575,23,3,274.65
2027,1575,54,5,690.95
2028,1575,41,5,1754.0
2029,1808,45,2,263.96
2030,1808,7,4,1968.16
2031,1808,3,2,14.92
2032,1214,7,2,984.08
2033,1214,17,1,6.1
2034,1214,40,4,345.76
2035,1214,13,2,316.64
2036,1259,53,3,1271.01
2037,1259,51,1,343.03
2038,1259,13,4,633.28
2039,1259,46,1,490.36
2040,2087,50,4,344.16
2041,1787,43,4,713.6
2042,1787,38,1,368.32
2043,1787,33,5,890.25
2044,1787,9,1,59.68
2045,2032,54,5,690.95
2046,2032,38,2,736.64
2047,2032,31,5,312.1
2048,2032,60,2,968.1
2049,1267,7,5,2460.2
2050,1267,25,5,2310.25
2051,1943,33,4,712.2
2052,1943,57,5,1856.6
2053,1943,25,2,924.1
2054,1682,26,4,1101.88
2055,1682,22,2,469.6
2056,1682,19,2,227.36
2057,1372,39,5,430.65
2058,1372,45,3,395.94
2059,1372,57,5,1856.6
2060,1372,48,3,849.3
2061,1861,13,5,791.6
2062,1861,14,3,127.86
2063,1918,59,2,302.96
2064,1918,44,5,2384.3
2065,1918,9,5,298.4
2066,1993,46,3,1471.08
2067,1993,8,5,885.9
2068,1993,49,4,1588.48
2069,1163,44,5,2384.3
2070,1163,48,3,849.3
2071,1163,58,4,1750.6
2072,1163,54,1,138.19
2073,1553,2,4,251.68
2074,1577,4,1,383.67
2075,1577,43,2,356.8
2076,1196,49,3,1191.36
2077,1196,51,3,1029.09
2078,1196,11,2,595.32
2079,1070,45,3,395.94
2080,1180,49,1,397.12
2081,1180,35,3,51.57
2082,1570,7,5,2460.2
2083,1570,40,2,172.88
2084,1570,56,5,1140.8
2085,1570,44,4,1907.44
2086,1687,33,3,534.15
2087,1687,51,1,343.03
2088,2088,25,3,1386.15
2089,2088,27,5,2138.0
2090,2088,51,1,343.03
2091,2088,44,1,476.86
2092,1033,13,4,633.28
2093,1033,40,2,172.88
2094,1033,56,3,684.48
2095,1681,50,2,172.08
2096,1681,47,3,468.78
2097,1021,12,5,1061.75
2098,1021,44,1,476.86
2099,1021,5,4,1622.96
2100,1021,48,1,283.1
2101,1001,18,2,253.66
2102,1001,36,5,674.35
2103,1001,17,3,18.3
2104,1001,9,1,59.68
2105,1764,30,2,836.8
2106,1764,46,1,490.36
2107,1764,60,2,968.1
2108,1846,39,5,430.65
2109,1846,4,3,1151.01
2110,1846,50,4,344.16
2111,1971,5,3,1217.22
2112,1971,51,5,1715.15
2113,1971,46,2,980.72
2114,2068,34,5,1945.2
2115,2068,5,2,811.48
2116,1965,35,2,34.38
2117,1965,26,2,550.94
2118,1965,6,3,622.89
2119,1965,23,3,274.65
2120,1700,19,5,568.4
2121,1700,14,5,213.1
2122,1700,49,4,1588.48
2123,1969,8,3,531.54
2124,1122,16,5,2022.7
2125,1122,58,2,875.3
2126,1122,42,1,5.83
2127,1122,40,3,259.32
2128,1559,59,3,454.44
2129,1559,51,5,1715.15
2130,1559,8,3,531.54
2131,1559,25,1,462.05
2132,1990,33,4,712.2
2133,1990,52,1,405.01
2134,1990,29,3,1291.2
2135,1311,21,1,198.82
2136,1311,33,1,178.05
2137,1823,50,5,430.2
2138,1823,35,1,17.19
2139,1078,14,2,85.24
2140,1255,54,4,552.76
2141,1255,7,1,492.04
2142,1255,14,2,85.24
2143,1255,35,1,17.19
2144,1358,46,1,490.36
2145,1358,22,1,234.8
2146,1358,3,2,14.92
2147,1358,6,3,622.89
2148,1772,37,2,366.7
2149,1783,27,4,1710.4
2150,1783,25,4,1848.2
2151,1783,29,3,1291.2
2152,1719,25,1,462.05
2153,1637,42,5,29.15
2154,1981,49,5,1985.6
2155,1182,45,1,131.98
2156,1360,60,3,1452.15
2157,1360,33,3,534.15
2158,1360,7,5,2460.2
2159,1445,19,4,454.72
2160,1302,26,4,1101.88
2161,1302,53,2,847.34
2162,1302,43,5,892.0
2163,1302,2,2,125.84
2164,1745,48,5,1415.5
2165,1745,26,3,826.41
2166,1230,20,3,589.68
2167,1230,44,1,476.86
2168,1277,8,1,177.18
2169,1277,3,5,37.3
2170,1484,35,2,34.38
2171,1484,36,3,404.61
2172,1484,6,2,415.26
2173,1484,20,4,786.24
2174,1561,11,2,595.32
2175,1561,12,5,1061.75
2176,1949,13,5,791.6
2177,1949,8,1,177.18
2178,1949,12,5,1061.75
2179,1199,42,1,5.83
2180,1199,36,3,404.61
2181,1199,5,1,405.74
2182,1199,19,2,227.36
2183,1066,22,2,469.6
2184,1066,23,1,91.55
2185,1066,9,3,179.04
2186,1066,43,5,892.0
2187,1398,58,2,875.3
2188,1428,32,5,102.8
2189,1428,29,3,1291.2
2190,1428,22,5,1174.0
2191,1377,37,3,550.05
2192,1377,24,4,1200.24
2193,1666,1,2,291.5
2194,1666,21,2,397.64
2195,1316,18,3,380.49
2196,1316,54,4,552.76
2197,1316,24,4,1200.24
2198,1316,9,4,238.72
2199,1419,50,5,430.2
2200,1419,20,1,196.56
2201,1419,32,2,41.12
2202,1538,54,3,414.57
2203,1725,58,2,875.3
2204,1725,35,3,51.57
2205,1194,47,1,156.26
2206,1391,55,5,324.6
2207,1830,53,5,2118.35
2208,1207,50,1,86.04
2209,1207,38,5,1841.6
2210,1207,14,3,127.86
2211,1207,59,5,757.4
2212,1731,42,4,23.32
2213,1731,50,2,172.08
2214,1731,10,5,1092.55
2215,1731,24,3,900.18
2216,1773,30,5,2092.0
2217,1773,33,1,178.05
2218,1227,24,2,600.12
2219,1227,33,5,890.25
2220,1227,1,2,291.5
2221,1227,43,5,892.0
2222,2022,29,2,860.8
2223,2022,11,5,1488.3
2224,1395,48,4,1132.4
2225,1395,47,3,468.78
2226,1087,15,4,1217.8
2227,1497,5,3,1217.22
2228,1497,17,2,12.2
2229,1544,43,2,356.8
2230,1265,25,4,1848.2
2231,1265,31,1,62.42
2232,1265,59,1,151.48
2233,1600,7,3,1476.12
2234,1600,46,3,1471.08
2235,1600,34,5,1945.2
2236,1625,25,4,1848.2
2237,1625,42,3,17.49
2238,1019,34,3,1167.12
2239,1089,59,3,454.44
2240,1089,15,3,913.35
2241,1089,34,4,1556.16
2242,1089,26,4,1101.88
2243,1733,33,2,356.1
2244,2047,11,3,892.98
2245,2047,15,2,608.9
2246,2047,5,2,811.48
2247,2047,33,2,356.1
2248,1883,24,1,300.06
2249,1883,39,2,172.26
2250,1723,52,4,1620.04
2251,1723,22,4,939.2
2252,1723,47,4,625.04
2253,1723,8,2,354.36
2254,1290,42,4,23.32
2255,1290,54,1,138.19
2256,2055,3,5,37.3
2257,2055,9,5,298.4
2258,1209,9,5,298.4
2259,1209,41,1,350.8
2260,1532,4,3,1151.01
2261,1532,11,2,595.32
2262,1878,39,3,258.39
2263,1878,37,1,183.35
2264,1878,41,2,701.6
2265,1878,2,4,251.68
2266,1798,56,4,912.64
2267,1798,31,5,312.1
2268,1798,11,2,595.32
2269,1798,15,5,1522.25
2270,1496,40,5,432.2
2271,1496,43,3,535.2
2272,1924,47,3,468.78
2273,1924,44,4,1907.44
2274,1287,15,4,1217.8
2275,1499,9,5,298.4
2276,1499,7,5,2460.2
2277,1499,2,4,251.68
2278,1499,13,2,316.64
2279,1536,12,4,849.4
2280,1835,57,5,1856.6
2281,1541,6,4,830.52
2282,1964,58,5,2188.25
2283,1964,39,1,86.13
2284,1433,34,1,389.04
2285,1433,27,5,2138.0
2286,1433,24,4,1200.24
2287,1433,56,2,456.32
2288,1744,51,5,1715.15
2289,1744,50,5,430.2
2290,1744,25,1,462.05
2291,1744,23,4,366.2
2292,1916,17,2,12.2
2293,1916,31,1,62.42
2294,2019,39,4,344.52
2295,2019,57,3,1113.96
2296,2019,35,2,34.38
2297,1128,46,1,490.36
2298,1763,34,1,389.04
2299,1165,42,3,17.49
2300,1165,14,4,170.48
2301,1165,45,3,395.94
2302,1165,52,1,405.01
2303,1228,28,5,1139.8
2304,1228,42,3,17.49
2305,1074,55,5,324.6
2306,1074,35,3,51.57
2307,1074,28,5,1139.8
2308,1673,44,2,953.72
2309,1673,26,4,1101.88
2310,1673,49,5,1985.6
2311,1692,12,3,637.05
2312,1692,24,3,900.18
2313,1692,36,5,674.35
2314,1692,31,3,187.26
2315,1038,48,1,283.1
2316,1038,9,2,119.36
2317,1038,55,4,259.68
2318,1038,56,2,456.32
2319,1183,14,5,213.1
2320,1515,51,5,1715.15
2321,1515,22,1,234.8
2322,1515,52,2,810.02
2323,1515,36,4,539.48
2324,1118,52,1,405.01
2325,1258,31,5,312.1
2326,1258,60,4,1936.2
2327,1780,5,3,1217.22
2328,1999,24,5,1500.3
2329,1999,6,1,207.63
2330,1657,60,5,2420.25
2331,1657,26,3,826.41
2332,1657,40,5,432.2
2333,1657,42,1,5.83
2334,1136,41,4,1403.2
2335,1136,32,1,20.56
2336,1847,55,5,324.6
2337,1847,43,3,535.2
2338,1241,3,5,37.3
2339,1241,51,5,1715.15
2340,1885,40,1,86.44
2341,1885,11,3,892.98
2342,1031,42,2,11.66
2343,1031,1,1,145.75
2344,1344,50,4,344.16
2345,1344,26,4,1101.88
2346,1344,23,5,457.75
2347,1124,34,1,389.04
2348,1124,1,1,145.75
2349,1174,47,5,781.3
2350,1174,54,3,414.57
2351,1174,36,3,404.61
2352,1350,15,4,1217.8
2353,1350,39,4,344.52
2354,1350,13,5,791.6
2355,1807,17,2,12.2
2356,2054,33,5,890.25
2357,2054,7,3,1476.12
2358,2054,36,3,404.61
2359,2054,5,1,405.74
2360,1466,57,5,1856.6
2361,1466,35,3,51.57
2362,1466,53,4,1694.68
2363,1592,37,3,550.05
2364,1592,31,4,249.68
2365,1592,50,4,344.16
2366,1592,16,5,2022.7
2367,1967,31,1,62.42
2368,2007,5,2,811.48
2369,2007,25,2,924.1
2370,2007,41,3,1052.4
2371,1140,23,3,274.65
2372,1140,34,2,778.08
2373,1140,35,3,51.57
2374,1140,1,1,145.75
2375,1376,44,1,476.86
2376,1376,48,5,1415.5
2377,1376,53,2,847.34
2378,1376,22,4,939.2
2379,1586,23,5,457.75
2380,1586,14,3,127.86
2381,1586,58,2,875.3
2382,1963,32,2,41.12
2383,1963,48,2,566.2
2384,1231,56,2,456.32
2385,1231,17,2,12.2
2386,1367,54,5,690.95
2387,1367,16,3,1213.62
2388,1415,50,1,86.04
2389,1415,7,1,492.04
2390,1753,40,5,432.2
2391,1753,1,1,145.75
2392,1753,49,4,1588.48
2393,1753,55,3,194.76
2394,1517,32,5,102.8
2395,1517,58,3,1312.95
2396,1517,57,4,1485.28
2397,1531,49,5,1985.6
2398,1531,59,3,454.44
2399,1634,15,1,304.45
2400,1634,49,5,1985.6
2401,1634,37,4,733.4
2402,1634,9,4,238.72
2403,1742,33,3,534.15
2404,1998,56,4,912.64
2405,1998,44,1,476.86
2406,1998,50,5,430.2
2407,1998,12,4,849.4
2408,1475,45,2,263.96
2409,1475,1,4,583.0
2410,1475,44,5,2384.3
2411,1483,21,3,596.46
2412,1791,12,2,424.7
2413,1791,36,3,404.61
2414,1791,17,4,24.4
2415,1826,24,4,1200.24
2416,1826,12,2,424.7
2417,1826,32,4,82.24
2418,1899,24,3,900.18
2419,1899,55,4,259.68
2420,1899,26,2,550.94
2421,2025,37,2,366.7
2422,2025,44,1,476.86
2423,1060,52,4,1620.04
2424,1060,16,4,1618.16
2425,1060,36,2,269.74
2426,1441,52,2,810.02
2427,1441,48,4,1132.4
2428,1495,12,4,849.4
2429,1656,9,5,298.4
2430,1656,58,5,2188.25
2431,1656,55,3,194.76
2432,1656,41,4,1403.2
2433,1427,17,5,30.5
2434,1427,36,1,134.87
2435,1427,55,4,259.68
2436,1947,45,2,263.96
2437,1699,14,3,127.86
2438,1072,54,3,414.57
2439,1072,41,3,1052.4
2440,1072,7,3,1476.12
2441,1072,29,3,1291.2
2442,1715,23,1,91.55
2443,1715,2,3,188.76
2444,1715,27,5,2138.0
2445,1942,37,5,916.75
2446,1942,42,2,11.66
2447,1761,23,5,457.75
2448,1761,21,4,795.28
2449,1761,44,4,1907.44
2450,1853,25,5,2310.25
2451,1663,30,2,836.8
2452,1663,41,3,1052.4
2453,1663,10,4,874.04
2454,1902,55,2,129.84
2455,1902,59,3,454.44
2456,1902,5,2,811.48
2457,1902,6,3,622.89
2458,1886,42,3,17.49
2459,1886,19,5,568.4
2460,1886,46,4,1961.44
2461,2083,57,3,1113.96
2462,2083,29,5,2152.0
2463,2083,50,5,430.2
2464,1431,27,1,427.6
2465,1431,11,2,595.32
2466,1431,12,2,424.7
2467,1431,55,3,194.76
2468,1535,14,2,85.24
2469,1843,7,4,1968.16
2470,1843,5,5,2028.7
2471,1843,60,1,484.05
2472,1843,57,1,371.32
2473,1573,34,3,1167.12
2474,1573,49,5,1985.6
2475,1573,6,2,415.26
2476,1573,7,1,492.04
2477,2095,20,3,589.68
2478,2095,15,4,1217.8
2479,2095,16,2,809.08
2480,2095,48,2,566.2
2481,1414,2,3,188.76
2482,1414,3,3,22.38
2483,1473,30,3,1255.2
2484,1473,56,5,1140.8
2485,1473,35,4,68.76
2486,1473,60,2,968.1
2487,1168,38,4,1473.28
2488,1168,39,5,430.65
2489,1706,34,3,1167.12
2490,1706,41,4,1403.2
2491,1706,35,5,85.95
2492,1706,20,2,393.12
2493,1740,29,3,1291.2
2494,1027,27,3,1282.8
2495,1027,17,1,6.1
2496,1027,10,1,218.51
2497,1109,23,4,366.2
2498,1109,19,5,568.4
2499,1341,45,4,527.92
2500,1079,20,3,589.68
2501,1079,1,5,728.75
2502,1079,50,2,172.08
2503,1079,28,1,227.96
2504,1530,13,5,791.6
2505,1530,27,4,1710.4
2506,1530,57,4,1485.28
2507,2030,11,4,1190.64
2508,2030,46,4,1961.44
2509,1284,17,4,24.4
2510,1284,6,2,415.26
2511,1226,19,5,568.4
2512,1226,42,3,17.49
2513,1226,48,4,1132.4
2514,1844,55,2,129.84
2515,1844,5,2,811.48
2516,2096,8,5,885.9
2517,2096,41,4,1403.2
2518,2096,30,3,1255.2
2519,1605,13,1,158.32
2520,1605,21,5,994.1
2521,1605,2,1,62.92
2522,1605,10,2,437.02
2523,1067,19,3,341.04
2524,1236,46,1,490.36
2525,1236,29,2,860.8
2526,1504,10,1,218.51
2527,1839,14,4,170.48
2528,1839,22,3,704.4
2529,1839,27,4,1710.4
2530,1839,20,1,196.56
2531,2075,6,2,415.26
2532,2075,54,1,138.19
2533,2075,49,3,1191.36
2534,1052,5,2,811.48
2535,1052,35,3,51.57
2536,1052,31,4,249.68
2537,1052,12,1,212.35
2538,1640,50,2,172.08
2539,1851,50,1,86.04
2540,1851,29,2,860.8
2541,1851,16,4,1618.16
2542,1851,48,1,283.1
2543,1486,31,3,187.26
2544,1486,25,3,1386.15
2545,1366,41,1,350.8
2546,1366,47,5,781.3
2547,1667,17,4,24.4
2548,1752,13,1,158.32
2549,1752,24,2,600.12
2550,1752,57,1,371.32
2551,1966,41,3,1052.4
2552,1966,28,1,227.96
2553,1353,51,5,1715.15
2554,1353,18,1,126.83
2555,1782,51,5,1715.15
2556,1782,16,4,1618.16
2557,1782,1,5,728.75
2558,1782,3,2,14.92
2559,1545,50,2,172.08
2560,1545,6,4,830.52
2561,1545,16,1,404.54
2562,1703,60,1,484.05
2563,1703,49,1,397.12
2564,1703,41,3,1052.4
2565,1363,45,1,131.98
2566,1363,35,2,34.38
2567,1891,15,3,913.35
2568,1891,21,4,795.28
2569,1891,36,2,269.74
2570,1891,51,1,343.03
2571,1364,23,1,91.55
2572,1364,47,4,625.04
2573,1364,9,4,238.72
2574,1364,17,5,30.5
2575,1585,35,2,34.38
2576,1585,45,5,659.9
2577,1585,32,2,41.12
2578,2060,21,3,596.46
2579,2060,47,5,781.3
2580,2060,30,5,2092.0
2581,1520,5,2,811.48
2582,1520,34,4,1556.16
2583,1735,53,3,1271.01
2584,1735,17,4,24.4
2585,1735,35,1,17.19
2586,1453,47,5,781.3
2587,1453,12,3,637.05
2588,1453,57,5,1856.6
2589,1453,2,2,125.84
2590,1662,47,5,781.3
2591,1662,5,4,1622.96
2592,1662,43,2,356.8
2593,1439,50,3,258.12
2594,1439,36,3,404.61
2595,1439,10,4,874.04
2596,1439,40,3,259.32
2597,1232,7,5,2460.2
2598,1088,3,2,14.92
2599,1333,56,2,456.32
2600,1333,3,1,7.46
2601,1162,13,4,633.28
2602,1162,7,4,1968.16
2603,1162,3,5,37.3
2604,1162,37,5,916.75
2605,1875,4,5,1918.35
2606,1875,24,1,300.06
2607,1875,15,1,304.45
2608,1383,42,1,5.83
2609,1383,32,4,82.24
2610,1020,24,5,1500.3
2611,1337,53,1,423.67
2612,1337,24,5,1500.3
2613,1337,51,3,1029.09
2614,1337,46,5,2451.8
2615,1858,47,1,156.26
2616,1081,5,1,405.74
2617,1081,14,1,42.62
2618,1081,34,2,778.08
2619,1100,13,5,791.6
2620,1100,34,2,778.08
2621,1100,43,5,892.0
2622,1100,16,5,2022.7
2623,1529,48,5,1415.5
2624,1529,7,3,1476.12
2625,1529,50,4,344.16
2626,1529,41,4,1403.2
2627,1028,11,2,595.32
2628,1171,33,5,890.25
2629,1171,22,5,1174.0
2630,1171,43,4,713.6
2631,1171,11,3,892.98
2632,1261,36,3,404.61
2633,1261,21,4,795.28
2634,1261,55,4,259.68
2635,1298,39,5,430.65
2636,1298,16,2,809.08
2637,1298,37,4,733.4
2638,1946,24,1,300.06
2639,1946,29,1,430.4
2640,1946,26,3,826.41
2641,1008,34,2,778.08
2642,1222,1,2,291.5
2643,1222,20,3,589.68
2644,1222,15,1,304.45
2645,1050,59,5,757.4
2646,1050,36,5,674.35
2647,1050,33,5,890.25
2648,1688,7,4,1968.16
2649,1688,3,3,22.38
2650,1018,9,3,179.04
2651,1018,17,5,30.5
2652,1177,15,3,913.35
2653,1177,17,1,6.1
2654,1252,37,1,183.35
2655,1252,59,3,454.44
2656,1252,14,4,170.48
2657,1252,47,2,312.52
2658,1982,53,1,423.67
2659,1982,58,5,2188.25
2660,1982,45,3,395.94
2661,1982,37,1,183.35
2662,1058,6,3,622.89
2663,1058,50,3,258.12
2664,1058,4,4,1534.68
2665,1058,59,4,605.92
2666,1806,56,2,456.32
2667,1198,41,4,1403.2
2668,1516,20,5,982.8
2669,1777,21,5,994.1
2670,1654,21,2,397.64
2671,1654,33,2,356.1
2672,2031,44,4,1907.44
2673,1153,49,1,397.12
2674,1153,39,2,172.26
2675,1153,37,4,733.4
2676,1153,33,3,534.15
2677,1576,10,4,874.04
2678,1576,9,5,298.4
2679,1576,22,1,234.8
2680,1576,6,5,1038.15
2681,1651,17,4,24.4
2682,1651,6,2,415.26
2683,1651,26,2,550.94
2684,1651,33,4,712.2
2685,1931,32,5,102.8
2686,1931,26,2,550.94
2687,1641,16,3,1213.62
2688,1641,5,4,1622.96
2689,1356,44,1,476.86
2690,1356,60,1,484.05
2691,1356,37,4,733.4
2692,1606,24,3,900.18
2693,1606,23,5,457.75
2694,1606,13,1,158.32
2695,1606,21,3,596.46
2696,1813,23,4,366.2
2697,1813,40,5,432.2
2698,1612,29,2,860.8
2699,1612,3,2,14.92
2700,1436,10,1,218.51
2701,1436,49,1,397.12
2702,1436,47,1,156.26
2703,1820,40,2,172.88
2704,1820,60,3,1452.15
2705,1927,22,1,234.8
2706,1026,29,3,1291.2
2707,1026,31,2,124.84
2708,1026,2,5,314.6
2709,1392,14,5,213.1
2710,1392,35,3,51.57
2711,1048,40,1,86.44
2712,1048,47,4,625.04
2713,1048,10,5,1092.55
2714,1048,45,5,659.9
2715,2084,17,2,12.2
2716,1443,19,2,227.36
2717,1043,4,1,383.67
2718,1043,30,1,418.4
2719,1043,42,4,23.32
2720,1469,43,3,535.2
2721,1469,55,1,64.92
2722,1469,59,1,151.48
2723,1952,56,4,912.64
2724,1952,57,2,742.64
2725,1952,42,4,23.32
2726,1167,58,3,1312.95
2727,1580,56,2,456.32
2728,1580,39,2,172.26
2729,1580,35,5,85.95
2730,1580,6,4,830.52
2731,1041,3,2,14.92
2732,2092,22,2,469.6
2733,2092,32,1,20.56
2734,2092,26,3,826.41
2735,1331,23,2,183.1
2736,1331,41,5,1754.0
2737,1331,20,3,589.68
2738,1767,41,3,1052.4
2739,1006,57,3,1113.96
2740,1006,53,2,847.34
2741,1006,2,2,125.84
2742,1006,36,3,404.61
2743,2042,43,4,713.6
2744,2042,9,5,298.4
2745,2042,6,5,1038.15
2746,2042,47,2,312.52
2747,2089,16,3,1213.62
2748,2089,37,5,916.75
2749,2089,10,3,655.53
2750,2089,28,4,911.84
2751,1247,14,2,85.24
2752,1247,42,5,29.15
2753,1693,56,3,684.48
2754,1693,9,5,298.4
2755,1718,28,2,455.92
2756,1718,59,5,757.4
2757,1355,21,5,994.1
2758,1355,5,5,2028.7
2759,1616,12,3,637.05
2760,1913,47,3,468.78
2761,1913,2,4,251.68
2762,1173,20,3,589.68
2763,1173,29,2,860.8
2764,1173,48,2,566.2
2765,1173,60,1,484.05
2766,1375,12,5,1061.75
2767,1375,2,5,314.6
